step,att_err_deg,ax,ay,az,sonar_range,map_depth,x,y,z,ekf_x,ekf_y,ekf_z,ekf_vx,ekf_vy,ekf_vz,dr_x,dr_y,dr_z,dr_vx,dr_vy,dr_vz,dvl_vx,dvl_vy,dvl_vz
1,0.2160331765294878,-0.15792649242998508,-0.04346186014314757,-0.38560828838732064,64.88235294117646,-64.87847900390625,-20.0,-10.0,-0.42121118,-19.998579225872103,-9.998972534846867,-0.29779781535587957,0.017396325411216586,0.013832027888843482,-0.40831891561048467,-20.000181078266287,-10.000170158691809,-0.3956086130162109,-0.0053482822014689554,-0.003276744712840415,-0.029092948015240518,0.02879510018082195,0.005642087169992629,-0.404035703855586
2,0.4530382490285343,1.1392021531561334,-1.1273010336202534,-0.5647849129593911,64.4921568627451,-64.8783950805664,-19.998678,-9.998679,-0.43394187,-19.995897986933503,-9.99654211517754,-0.33015708101600405,0.07024660703477875,0.0025512933791629194,-0.41294588758966577,-19.999093574169496,-10.001531940219593,-0.3972059167422294,0.03262512290373549,-0.04085344583351553,-0.04791911178055355,0.0986793890559409,0.05280831378015648,-0.38529705244744206
3,0.727572446729057,1.0528679311208573,-1.1366135112690692,-0.6077202414795746,64.4921568627451,-64.8790512084961,-19.996084,-9.996085,-0.44610015,-19.993254736278477,-9.993724948545177,-0.35153431517433503,0.10316324710252386,-0.009458973298309463,-0.39972977137190036,-19.996836216815904,-10.004156625648786,-0.39947846518100294,0.06772072060776407,-0.07874056287581783,-0.06817645316320604,0.0985258404615222,0.04561390913493928,-0.3281193109567099
4,0.9806669443689696,1.024139163621525,-0.9249350835813321,-0.5750351020148763,64.4921568627451,-64.87987518310547,-19.992262,-9.992264,-0.45769852,-19.9898488691491,-9.9901367992126,-0.36938965457470474,0.13352939598857264,-0.012607803564804964,-0.40586775496930416,-19.993440927058288,-10.007809016726403,-0.4023899415109041,0.10185869272848157,-0.1095717323285289,-0.08734428989703526,0.11917832058048239,0.09271827149677092,-0.3558847169298552
5,1.2184561032177643,0.919805193762906,-0.9234015375884483,-0.4217166805537431,64.4921568627451,-64.88091278076172,-19.987253,-9.987259,-0.4687499,-19.984358557660414,-9.985813572245455,-0.38458052436221496,0.1670088731845861,-0.015337823067586121,-0.40292160519242337,-19.989023631529825,-10.012487409512453,-0.40576999193030944,0.13251886585391176,-0.14035178358147718,-0.10140151258216003,0.18019932379152753,0.11589759853316861,-0.3229968046951272
6,1.4514168637371119,1.0483753779597698,-0.8542831348941584,-0.4565564779393352,64.4921568627451,-64.88192749023438,-19.981104,-9.981113,-0.47926736,-19.978752039172466,-9.980349125770282,-0.39815542918767477,0.19940927241835776,-0.013569531953203772,-0.4011152159727507,-19.983441474470297,-10.018115005781718,-0.40965732732520294,0.16746471178590408,-0.16882788807794913,-0.11662006184680454,0.18532197393346833,0.15381241667020057,-0.3065634348481549
7,1.6614910122440083,0.8957868564310981,-0.7788040479192567,-0.5498915658500234,64.4921568627451,-64.88340759277344,-19.973854,-9.973869,-0.48926383,-19.970983734767767,-9.973985526223563,-0.411027395423817,0.2318992926653107,-0.008957207381436062,-0.4057109225592351,-19.9768639986814,-10.024607939882005,-0.41415565334881865,0.1973242736669407,-0.19478802300859102,-0.134949780708472,0.25496479685828005,0.25912123931793435,-0.28492931206253946
8,1.8766290632833065,0.7711836032770732,-0.752906486473457,-0.4680808640354215,64.4921568627451,-64.88489532470703,-19.965546,-9.965569,-0.49875194,-19.96349008052619,-9.966319442107347,-0.42323033781574637,0.25504126064748905,-0.001718794226014675,-0.40781374285200467,-19.969429652222193,-10.03193743674504,-0.41917406922136263,0.22303039377617648,-0.2198849058910396,-0.15055247617631937,0.22896068489749374,0.32717087219248486,-0.27024048424270875
9,2.0761075722075026,0.7457122919365787,-0.786823797041968,-0.42056269017993486,64.4921568627451,-64.88697052001953,-19.956215,-9.956252,-0.507744,-19.956889106169815,-9.95768964171701,-0.4344601328620939,0.27162719240542227,0.004657623263872302,-0.40545018603292843,-19.961166736549725,-10.040141182271453,-0.42465977697188434,0.24788747017406243,-0.24611236579243853,-0.16457123251565053,0.19828582979215803,0.29376063118398976,-0.26002327076202175
10,2.27345362916898,0.7366356070998945,-0.6127875893431713,-0.4662544054030935,64.4921568627451,-64.88955688476562,-19.945904,-9.945958,-0.51625246,-19.94824877310286,-9.949578345051673,-0.4458718617530932,0.29342595000531,0.012006583126625496,-0.4096122847476934,-19.952085336869366,-10.049025802897138,-0.4306635451728539,0.2724419904107256,-0.26653861877054424,-0.18011304602908698,0.2551557623585886,0.39773015494742264,-0.25163919249751115
11,2.4245476893337687,0.6988271378543816,-0.5467317271362044,-0.2900543429801896,64.4921568627451,-64.89153289794922,-19.934649,-9.934727,-0.524289,-19.94052059653583,-9.940395155875596,-0.4563851748458128,0.309004108254493,0.02250644805565976,-0.4047958520931393,-19.942227462591394,-10.05851790321964,-0.43698959597713477,0.295736228339205,-0.2847630096750844,-0.18978152412842664,0.22235996109373532,0.3450521905789412,-0.242279163974847
12,2.5349383829681122,0.6738481949364922,-0.5597879466570319,-0.4166305017577674,64.4921568627451,-64.89405822753906,-19.922485,-9.922594,-0.5318656,-19.93126503583601,-9.931455624422956,-0.4666159043236279,0.327198991213496,0.02940717323665826,-0.40524465843913016,-19.931620868096825,-10.06863199014954,-0.44377856956114653,0.3181978348370881,-0.30342260789698544,-0.20366920752035222,0.2702927883988757,0.3703106637764934,-0.22638573553816185
13,2.6806515538300766,0.6628691533205305,-0.47306313168719655,-0.4080225882849735,64.4921568627451,-64.89617156982422,-19.90945,-9.909598,-0.53899384,-19.91967323804315,-9.92345498167894,-0.47691263128578015,0.3502063063992683,0.03459092009272893,-0.40762273741426547,-19.92027775232079,-10.079271702781313,-0.45102090157658603,0.34029347328110576,-0.3191913789532253,-0.21726996046318467,0.3665807389307581,0.4109146488956003,-0.20700000925664458
14,2.7696872727449984,0.5718522547557696,-0.398879928529889,-0.46979824458284547,64.4921568627451,-64.89749145507812,-19.895578,-9.895773,-0.5456851,-19.90714278467132,-9.915518082387043,-0.48721052348968896,0.37075817581605713,0.04065465635948706,-0.4132281738914704,-19.90829924515058,-10.090354615333675,-0.45878523164156204,0.3593552151062981,-0.3324873765708883,-0.2329299019492795,0.401585772033003,0.44116670809395864,-0.20688185831121791
15,2.881732100799447,0.49525875903973254,-0.31877177333924545,-0.4617379472648686,64.4921568627451,-64.89860534667969,-19.880903,-9.881154,-0.5519504,-19.893418950143737,-9.907748545833854,-0.4975381184354125,0.3901699266338948,0.0475834203224491,-0.4194092584704735,-19.895770450470327,-10.101791718745304,-0.4670626038701657,0.3758638404076225,-0.3431131023488631,-0.24832116685810846,0.46527758066768066,0.5017410289763936,-0.18404459244760688
16,3.0383246963004904,0.3891341974442991,-0.40862486307289997,-0.45652883352662776,64.4921568627451,-64.89945220947266,-19.86546,-9.865773,-0.55780053,-19.87911122233128,-9.899566919839526,-0.5073876325070629,0.4059346471429822,0.051514542109693084,-0.4236271541774999,-19.88280928445958,-10.113682849782569,-0.47584723035824333,0.38883498032243247,-0.35673393111795976,-0.2635387946423294,0.47379588465126465,0.4778838718069948,-0.15974608139735166
17,3.2076018056856572,0.40515560755004076,-0.3344280212320324,-0.4488771382046597,64.4921568627451,-64.90034484863281,-19.849277,-9.849663,-0.5632462,-19.864250723851335,-9.891201432588106,-0.5170476631458335,0.4221902566869225,0.05738901271730544,-0.4274195950326568,-19.869397945551555,-10.125945567510092,-0.48513060922210394,0.40234016724076715,-0.36788153182569416,-0.27850136591581803,0.49051861495198673,0.48026591040585054,-0.15415373290743062
18,3.31611949218915,0.36128642950097795,-0.20203691379397298,-0.46523673132325705,64.4921568627451,-64.90119934082031,-19.83239,-9.832854,-0.56829786,-19.849046379658414,-9.88232199875351,-0.5259870950174953,0.436481712752649,0.06775809319113281,-0.4291902237700604,-19.855585177277415,-10.138432770697387,-0.4949309177874348,0.4143830482241331,-0.3746160956188266,-0.2940092569599266,0.48866199636818913,0.46466412301884735,-0.11478918401266062
19,3.3910042442084136,0.27312872972924745,-0.16360877265170098,-0.44263956753985667,64.4921568627451,-64.90217590332031,-19.814825,-9.815378,-0.5729661,-19.833571940410984,-9.872981098375389,-0.53538822327399,0.44740203781382926,0.07914990916519682,-0.433065591248909,-19.84146893263691,-10.15110176140985,-0.5052230480944766,0.423487339215108,-0.3800697213738833,-0.3087639092112551,0.49836242183304824,0.5518558972154749,-0.13474554567573765
20,3.4973448987387523,0.2758968248786148,-0.18672190449841836,-0.37367013555065043,64.4921568627451,-64.90324401855469,-19.796616,-9.797264,-0.5772609,-19.817786921414758,-9.863117830969209,-0.5442682130245379,0.4582404744189311,0.08967660346776254,-0.43317099680977195,-19.827046135968764,-10.163978220905088,-0.5159303674410192,0.43268390004439516,-0.3862937848571639,-0.3212195803962768,0.5025643732518278,0.5418782282257594,-0.10735491789099813
21,3.62157192969577,0.2648975360630457,-0.12935071070803433,-0.3698036003786793,64.4921568627451,-64.9044189453125,-19.777786,-9.778541,-0.5811924,-19.800933545775134,-9.853538048851675,-0.553382017641091,0.4702592229574143,0.10020593785976925,-0.43500945874014735,-19.812329008704992,-10.176998403412226,-0.5270485796768714,0.44151381791316335,-0.3906054752140984,-0.3335463670755661,0.5727830599359814,0.5773585243567283,-0.10896123498025571
22,3.683260068646679,0.25899890049679664,-0.10743959844742629,-0.39328801885295306,64.4921568627451,-64.90531921386719,-19.758368,-9.759234,-0.58477014,-19.783830830481087,-9.843421586146496,-0.5619147441753676,0.481681717808707,0.11147973119129727,-0.43602853791113444,-19.797324104885114,-10.19013796325097,-0.5386037786003379,0.4501471145963899,-0.39418679516234595,-0.34665596770399787,0.5636809016393094,0.5482027932522832,-0.09192741484238831
23,3.767796557119506,0.18422997864344665,0.017124729866531463,-0.3832609801596085,64.4921568627451,-64.90633392333984,-19.738382,-9.739372,-0.5880039,-19.766571002363246,-9.832660611032312,-0.570234030065561,0.4901600945301458,0.12698086059435318,-0.4366463050265621,-19.782114501088962,-10.203258495612086,-0.5505848230573152,0.4562881138845048,-0.39361597083346156,-0.3594313337093182,0.5620944720202271,0.5864711362920336,-0.0760525198817328
24,3.8933821886787117,0.21334659472792128,0.04268595958722893,-0.29385415960058303,64.4921568627451,-64.90748596191406,-19.717861,-9.718981,-0.59090286,-19.74935587712099,-9.821078531109453,-0.5785538093465765,0.49884381167395225,0.1435992740409885,-0.43516077712332,-19.766667845520892,-10.216331599129216,-0.5628923721360708,0.46339966704210217,-0.39219310551388725,-0.3692264723626709,0.5513830180127529,0.6514101929285914,-0.07532296521479859
25,4.0109380381813615,0.11643611843121904,0.01919803847768964,-0.3828155035061087,64.4921568627451,-64.90884399414062,-19.696825,-9.698086,-0.5934764,-19.730923394407814,-9.809786933384167,-0.5867701443725807,0.506254840775717,0.15741626018838112,-0.4370074650744017,-19.7510918164879,-10.229383371492482,-0.5756252717742777,0.46728087098980947,-0.39155317089796426,-0.3819869891462079,0.6336195207208257,0.6328763404126589,-0.06437328110625773
26,4.145962970189767,-0.005145460969456173,0.040329687983939766,-0.35385144026977855,64.4921568627451,-64.90991973876953,-19.6753,-9.676709,-0.5957334,-19.712676254902668,-9.797553981969918,-0.5948534263508755,0.5088137145946444,0.17258958588527576,-0.43798631023805357,-19.735521504633763,-10.24239033309132,-0.588751339679451,0.46710935562416095,-0.39020884796516625,-0.3937820371552005,0.6143765523987049,0.707249180944068,-0.04547913665018963
27,4.282231305925302,0.06016480355017223,0.12266336509264347,-0.4121494443835374,64.4921568627451,-64.91122436523438,-19.653309,-9.654877,-0.59768254,-19.69388334162265,-9.785096951131237,-0.6027047660869223,0.5143180705604675,0.18958425287132571,-0.440596301430941,-19.7198843429979,-10.255261002062278,-0.6023353514117172,0.46911484907583334,-0.3861200691287448,-0.4075203519679851,0.6516435461996913,0.6961223696239865,-0.03287798524138151
28,4.374653192705774,-0.05123379605823625,0.1258955907742499,-0.3551163724649573,64.4921568627451,-64.9124526977539,-19.630873,-9.63261,-0.59933245,-19.67504044312807,-9.771994638581628,-0.6101523800852561,0.5159019735606235,0.2065725286871811,-0.4404682134603895,-19.704304107802106,-10.267991787043487,-0.6163139368911666,0.46740705587389214,-0.3819235494362698,-0.41935756438348365,0.6328943370191314,0.6612128386603834,-0.04395719522087595
29,4.455153750802942,-0.04685429630870663,0.2900881284372322,-0.39719380344643795,64.4921568627451,-64.91377258300781,-19.608013,-9.609931,-0.6006915,-19.65559059027871,-9.758795257938475,-0.6172735017381893,0.5185979632976094,0.22773588120568206,-0.4412612331854746,-19.688775932935542,-10.280400251881987,-0.6307338488188899,0.4658452459969353,-0.37225394515502874,-0.4325973578316982,0.6717591885040851,0.6411880682153314,-0.025290548521136887
30,4.532275610556119,-0.09130042744252131,0.11235245573211827,-0.2967799913153151,64.4921568627451,-64.91497039794922,-19.584751,-9.586862,-0.6017681,-19.63666053457347,-9.744330929740542,-0.6242199367060203,0.51865922947415,0.24396171741860145,-0.43883483924690686,-19.67334920298836,-10.292683880658563,-0.6454835162925191,0.4628018984155179,-0.3685088632972915,-0.4424900242088754,0.6322845422485297,0.70074305249861,-0.023600449631701097
31,4.6027721081885975,-0.009505236818286966,0.23153635589252697,-0.33298079740974806,64.4921568627451,-64.91641998291016,-19.561108,-9.563421,-0.6025702,-19.618340073922287,-9.728789591251426,-0.6304284750269611,0.5202076173196906,0.26477387351531545,-0.4361291151095159,-19.657933034415418,-10.304710246817482,-0.6606031624299369,0.4624850571882417,-0.36079098476754057,-0.4535893841225337,0.5858483426158072,0.7255847676035645,0.013677320759303757
32,4.722000078890945,-0.09752009657097593,0.19634428544389976,-0.39196388582414343,64.4921568627451,-64.91804504394531,-19.5371,-9.539631,-0.603106,-19.59880810439987,-9.713500395224106,-0.6368410740197814,0.5209233933811889,0.2825409728606258,-0.4366534601913027,-19.642625221505334,-10.31651845265924,-0.6761583239960481,0.45923438730254246,-0.35424617525274393,-0.4666548469833385,0.6736062668646409,0.7145275626684514,0.0020014441962058795
33,4.7823176951681,-0.10965377950308208,0.3018539654849189,-0.3627759194148972,64.4921568627451,-64.91936492919922,-19.512747,-9.515511,-0.60338336,-19.578815970583467,-9.69802170273,-0.643069831640023,0.5219336024119946,0.3028271181028675,-0.4361752820066668,-19.62743924612803,-10.327991265206014,-0.6921165699170648,0.45557926131910637,-0.3441843764032466,-0.47874737763050174,0.6998137383947787,0.6926615289489316,-0.0043092345735145955
34,4.884065234353903,-0.15840693673020667,0.22011957354472728,-0.4152532439211267,64.4921568627451,-64.92056274414062,-19.488068,-9.491077,-0.6034098,-19.55870269346736,-9.681702257197845,-0.6497272291721442,0.5214339349196697,0.3205712345350074,-0.4390957382981582,-19.612429278458205,-10.33921950044885,-0.7085362083313272,0.45029903009476613,-0.336847057285089,-0.4925891524278726,0.7457091972032523,0.8087954959322226,0.007337556562929488
35,4.963178251821774,-0.14866900477399242,0.26160313813870717,-0.3899638727740786,64.4921568627451,-64.92176818847656,-19.463078,-9.46635,-0.60319245,-19.538551475072595,-9.6649586448258,-0.6555230362205482,0.5212603667568493,0.33920281970649896,-0.43907425178195364,-19.59758449857146,-10.3501570655382,-0.7253891399375608,0.4453433966022997,-0.32812695268046543,-0.5055879481870086,0.7112499378643322,0.7329820368714013,0.02046147798022222
36,5.08400785934067,-0.18752641988227398,0.3471954300551462,-0.3400141492839275,64.4921568627451,-64.92289733886719,-19.437792,-9.441345,-0.6027386,-19.518087943434118,-9.647637519952353,-0.6616709678425117,0.5202724227985005,0.3603732886973237,-0.4388676846746009,-19.582948081373477,-10.360708857927488,-0.7426198650429988,0.4390925159395572,-0.31655377167862725,-0.5169217531631395,0.7607294659572057,0.7988614601867661,0.014153946517298285
37,5.157816499682281,-0.18732030538250166,0.4087942566037005,-0.28444577327244147,64.4921568627451,-64.92394256591797,-19.412228,-9.41608,-0.60205513,-19.49767577670343,-9.629915150754478,-0.6668101943913411,0.5191755550473666,0.38289152573313356,-0.43470565513307236,-19.56851979784814,-10.370806434476105,-0.7601666410076284,0.4328485057601405,-0.3029272964585039,-0.5264032789388875,0.7163939986345491,0.7235891944826451,0.024263592784041787
38,5.227433341251014,-0.1260638943956146,0.29426788048272323,-0.32786905023885815,64.4921568627451,-64.92488861083984,-19.3864,-9.390572,-0.6011491,-19.47714897023585,-9.611244282396843,-0.6721896945999462,0.5202258650673602,0.40186844847919756,-0.43332596531928824,-19.554231585316575,-10.380577046713075,-0.7780777159169678,0.4286463759469534,-0.2931183671090798,-0.5373322472801828,0.7625351634354623,0.8248128548766868,0.04971678086975567
39,5.293480847987328,-0.28690548005706573,0.36475658931526,-0.2505214769945052,64.4921568627451,-64.92578125,-19.360323,-9.364835,-0.600027,-19.45682042068732,-9.591853756517631,-0.6769836125734969,0.5156066179160833,0.42312703652983175,-0.4285211951067092,-19.54026215665174,-10.389942373850806,-0.7962671480229678,0.4190828599450512,-0.28095981413190446,-0.5456829631799996,0.7278824401778009,0.8138253351437205,0.05351567088195937
40,5.382663282223747,-0.2739577993643221,0.39860626055676807,-0.27352322712687105,64.4921568627451,-64.92658996582031,-19.334011,-9.338885,-0.59869564,-19.436507543793674,-9.572435114422198,-0.6805209044528934,0.5115460365317508,0.44429270145557254,-0.4221050781268674,-19.526597125541752,-10.398864805143473,-0.8147604948257755,0.40995093329957377,-0.2676729387800122,-0.5548004040842287,0.6946769452320694,0.7288029881387089,0.0693409307018319
41,5.463575236042957,-0.23115292773179058,0.3729695510985804,-0.29324259042354583,64.4921568627451,-64.92721557617188,-19.307476,-9.312738,-0.5971619,-19.41502982404766,-9.552837615481042,-0.6848951525682977,0.5107821065409057,0.4637057097016347,-0.419243074330665,-19.513188931018135,-10.407372825823808,-0.8335796667290537,0.4022458357085141,-0.2552406204100595,-0.5645751570983469,0.8290671852474223,0.783803070061382,0.06018632282459966
42,5.555542259355103,-0.20605684584934153,0.39822318131387396,-0.24119569592679824,64.4921568627451,-64.92760467529297,-19.280731,-9.2864065,-0.595432,-19.394377125507205,-9.53169716344994,-0.688961659819303,0.5095314993543449,0.48518255105810765,-0.41456743322866985,-19.50000968854546,-10.415438376302683,-0.8526668338500284,0.3953772741802027,-0.2419665143662637,-0.5726150136292402,0.7805268199695625,0.880860897793839,0.08730215260048746
43,5.693036345154133,-0.22602438568861882,0.3870917143250651,-0.19518183624930785,64.4921568627451,-64.92799377441406,-19.253788,-9.259905,-0.5935121,-19.373062694658476,-9.510968200488552,-0.6921579136721894,0.5085917002374175,0.5045105590172457,-0.4070697133403663,-19.487081584279107,-10.423073824876752,-0.8719708696779468,0.38784312799058207,-0.22906345722209487,-0.5791210748375504,0.7792800553071103,0.7682454441144296,0.07067686896516928
44,5.7711866849828075,-0.27414221601662714,0.49698605462396717,-0.26415027928629975,64.4921568627451,-64.92813110351562,-19.22666,-9.233246,-0.59140867,-19.35269589202465,-9.488552742827444,-0.6950443671197056,0.5046569311117987,0.5288427080944909,-0.4019602871567775,-19.474458082474996,-10.430157066723462,-0.8915684058161832,0.37870505412336114,-0.21249725540129596,-0.5879260841470937,0.7364097609798484,0.874734471630391,0.1070710070777848
45,5.87902403545712,-0.17053003558981955,0.5928561798455539,-0.20139037438460505,64.4921568627451,-64.92823791503906,-19.199356,-9.206443,-0.5891277,-19.332094379275507,-9.465951321376801,-0.6973587448378954,0.504547427418649,0.5552868118245029,-0.3942189807900099,-19.462024058488208,-10.436581579481455,-0.9113897090370693,0.3730207196037005,-0.1927353827397775,-0.5946390966265805,0.7364153697552762,0.8332136613176477,0.1002726969928493
46,5.971770014517604,-0.34071249613291593,0.5355989338244371,-0.2248989992204553,64.4921568627451,-64.92816162109375,-19.171886,-9.179508,-0.5866755,-19.311221844317103,-9.442255759742292,-0.7001055245733333,0.4992136818894753,0.5800787834423791,-0.3890810138539478,-19.449968603941564,-10.442410982312976,-0.9314609000348669,0.36166363639926996,-0.1748820849456296,-0.602135729933929,0.7963582546044288,0.9223789133238194,0.09556016024474989
47,6.063224920515847,-0.42244682555949914,0.5940173474810484,-0.22414672912962708,64.4921568627451,-64.92794036865234,-19.144264,-9.152455,-0.58405775,-19.291380523252425,-9.417567309418011,-0.7019395871993374,0.48994332719072414,0.6069129192311379,-0.38255273922888156,-19.438382534756656,-10.447580365869518,-0.9517811429539197,0.34758207554728665,-0.1550815066962613,-0.6096072875715833,0.6979882874780657,0.9110562363862713,0.10009253647521876
48,6.148938627539895,-0.21113007136646011,0.5670392096774786,-0.25756892707372714,64.4921568627451,-64.92761993408203,-19.116495,-9.125295,-0.5812803,-19.269415981720037,-9.394263471095408,-0.7035020829087133,0.4908530307253274,0.6296264743776351,-0.377243907691299,-19.42703105453993,-10.452119705859753,-0.972387573569721,0.340544406501738,-0.136180199707012,-0.6181929184740409,0.8310260156170058,0.7928028979968768,0.09085469972033994
49,6.257317964318457,-0.3583542339305996,0.5529151096934571,-0.198996157851683,64.4921568627451,-64.92704010009766,-19.088593,-9.098039,-0.5783489,-19.249051635196,-9.368727161498354,-0.7046642421028623,0.4846402826242534,0.6538438356992783,-0.36982295204677174,-19.416077745694242,-10.456044695728105,-0.9932151110275799,0.32859926537071804,-0.11774969605056343,-0.6248261237357636,0.7388358508250291,0.9104545678344806,0.11796710720291087
50,6.297842526246662,-0.29634084294024543,0.6061154069942374,-0.1677184805188361,64.4921568627451,-64.92646026611328,-19.060562,-9.070698,-0.5752693,-19.228170956423025,-9.34274063440976,-0.705666506537615,0.48135056254117414,0.6792408592368108,-0.361823501733312,-19.40545370445182,-10.45929622403313,-1.0142290023526819,0.31872123727270985,-0.09754584915075551,-0.6304167397530581,0.7962189122568555,0.927433104346955,0.13457370391475454
51,6.385886202008838,-0.37453004850476157,0.5701309501207196,-0.17033173391671674,64.4921568627451,-64.92576599121094,-19.032412,-9.043283,-0.57204694,-19.207413842603504,-9.316804369474262,-0.7056697841557574,0.47541205667856457,0.7022073963170803,-0.35258442580216676,-19.395245807707735,-10.461914273504688,-1.0354321511599136,0.30623690232255113,-0.07854148414673152,-0.6360944642169487,0.7466147803039032,0.8663656479576504,0.1334746265528769
52,6.458091452793369,-0.35792377071660947,0.5392652176967263,-0.1976033414488878,64.4921568627451,-64.9250259399414,-19.004152,-9.015805,-0.5686875,-19.186055739825186,-9.291009269930692,-0.7054114171299398,0.47098560449916743,0.7229278862828075,-0.3445210157796586,-19.38543560404222,-10.463933139401027,-1.0568548592354217,0.2943061099653308,-0.060565976890173984,-0.6426812422652449,0.7766442452299951,0.8347335432536769,0.11814796528641197
53,6.4707313555135375,-0.3384854950163998,0.7340798552853519,-0.19803502922335348,64.4921568627451,-64.92425537109375,-18.97579,-8.988273,-0.5651966,-19.163870699684463,-9.264642410628053,-0.7055227848831873,0.46836978197969276,0.7498146863469075,-0.3379862075028823,-19.376001495371174,-10.465136361013716,-1.078497606232289,0.2830232601314508,-0.036096648380662254,-0.6492824099060234,0.873887624041413,0.8629247311754077,0.111457157433377
54,6.469747657322075,-0.29657704226966985,0.5320853176889099,-0.20307532636693537,64.4921568627451,-64.92350006103516,-18.947332,-8.960697,-0.56157935,-19.14221165966489,-9.238125433309902,-0.704423405567109,0.46645675308232204,0.7691265127413051,-0.32977413764966645,-19.36689691674709,-10.465748376717862,-1.1003659924806752,0.2731373587224618,-0.018360471124365257,-0.6560515874515879,0.7928981983896672,0.833639921326393,0.14340494076906402
55,6.4776241017909815,-0.36442447447068804,0.5252616351984439,-0.32538173729167674,64.4921568627451,-64.9228515625,-18.918787,-8.933086,-0.55784124,-19.120858224716706,-9.210180253372778,-0.7036180167834035,0.46193232135430123,0.7891932201433781,-0.32681794925131663,-19.358197254205756,-10.465776768382899,-1.1225959139927189,0.26098987624010556,-0.0008517499510837939,-0.6668976453613105,0.8022301761895737,0.9033833592895554,0.1275848540284274
56,6.478789633739717,-0.38738564236771117,0.5586951247272803,-0.19884651283187083,64.4921568627451,-64.92235565185547,-18.89016,-8.90545,-0.5539873,-19.099267333550024,-9.181958611838247,-0.7024686213959596,0.45706048961436296,0.8098300651416606,-0.3194613018075937,-19.34992802015594,-10.465184387687126,-1.1450467760745757,0.2480770214945152,0.017771420873158885,-0.6735258624557061,0.819738134120231,0.9006536588224252,0.14530765260782036
57,6.4140376353625905,-0.34019465476633715,0.6597614192287466,-0.10450360339346076,64.4921568627451,-64.92207336425781,-18.861458,-8.877796,-0.5500227,-19.07882891188455,-9.152376033595363,-0.7008726871034359,0.4524121578085116,0.8345792249634343,-0.30881567770801605,-19.342036780166975,-10.463858938747766,-1.1676137532713142,0.2367371996689706,0.03976346818078377,-0.6770093159021549,0.7527754020842251,0.9583386951480564,0.157930322095258
58,6.3936650733366545,-0.20552219297086238,0.6846571737344916,-0.1763461970004947,64.4921568627451,-64.92211151123047,-18.832687,-8.850135,-0.5459524,-19.057429875846804,-9.123120219491684,-0.6988462502072625,0.45345832463782443,0.858697648316329,-0.3004710696216086,-19.3343738981702,-10.461772759615368,-1.190376670686942,0.2298864599032752,0.06258537397193349,-0.682887522468838,0.8075552424815466,0.9168334344017773,0.16801487142711022
59,6.35570703235888,-0.3628079189839191,0.6726051560573344,-0.19524303321133551,64.4921568627451,-64.92250061035156,-18.803852,-8.822474,-0.54178125,-19.035797741492317,-9.092841277075655,-0.6968867909152239,0.44952485287358496,0.8826749470519807,-0.2935289984538338,-19.327114136083406,-10.458939241420683,-1.2133565248061382,0.21779286260381123,0.0850055458405113,-0.6893956235758825,0.8467481090579483,0.9584736589420447,0.1700018062677806
60,6.39147829164268,-0.34889554995480476,0.6393694886846789,-0.16795699405487952,64.4921568627451,-64.92334747314453,-18.774961,-8.794821,-0.5375141,-19.013101269944446,-9.06410080196947,-0.6943520688575676,0.44739732388158737,0.9027406274179782,-0.2851564492696741,-19.320242035718785,-10.455395312683017,-1.2365229978076175,0.20616301093865108,0.1063178621300006,-0.6949941900443785,0.8513181551927474,0.8497491393493505,0.14255751705871336
61,6.4430767119263255,-0.2543429278836892,0.5935032902119035,-0.10951650074161634,64.4921568627451,-64.92465209960938,-18.746017,-8.767184,-0.5331557,-18.99058187539722,-9.035077377545644,-0.6910996070367837,0.44813554991719673,0.920861429552925,-0.274147924765741,-19.313652538607368,-10.451191935845115,-1.2598111558099208,0.1976849133425281,0.12610130513706405,-0.698644740069099,0.8330501602111432,0.8514221619097949,0.1781091877332662
62,6.472846389395866,-0.3593553905014261,0.6244564109058321,-0.1368307009956915,64.4921568627451,-64.92654418945312,-18.717026,-8.739571,-0.5287108,-18.968344905476524,-9.005223894844155,-0.6877874625802064,0.4449882907953639,0.9402765773833136,-0.2646704924289944,-19.307462325263174,-10.44629471855065,-1.2832513479244414,0.1857064003258139,0.14691651883392512,-0.7032057634356221,0.8164049518222497,0.8813939095840833,0.16073787547549007
63,6.506232169894587,-0.32084520975760533,0.6546972038289361,-0.18167950850149595,64.4921568627451,-64.92920684814453,-18.687994,-8.711987,-0.52418417,-18.946709358459003,-8.973772851495125,-0.6844720265020672,0.44243432076935296,0.9618021756607179,-0.25728719059540905,-19.301628606596488,-10.440670059918599,-1.3068934061595194,0.1750115600005604,0.16873975896155632,-0.7092617470523387,0.808875847923614,0.948404549837804,0.16690586928670298
64,6.531601704332982,-0.3384888921318401,0.5665451862753839,-0.12488974025598232,64.4921568627451,-64.93283081054688,-18.658922,-8.684441,-0.5195802,-18.924512854103057,-8.944709529907826,-0.6800886710805871,0.4399714724087789,0.9768623749951699,-0.24657320342863873,-19.296170986698836,-10.43441590663513,-1.3306742307726596,0.16372859692949907,0.18762459850406912,-0.7134247383942047,0.7673800179850877,0.8348891774827942,0.16547173434709977
65,6.5720975635412415,-0.3427759711002246,0.5937236113523161,-0.044880155450329084,64.4921568627451,-64.93704223632812,-18.62982,-8.656939,-0.51490366,-18.90207766797366,-8.913996433736502,-0.6759763458526286,0.4376532527484626,0.9941601654324651,-0.23445104536481456,-19.291094228991298,-10.427502060450157,-1.354504922225189,0.15230273122615826,0.20741538554914632,-0.7149207435758823,0.8218179353032006,0.8890044264067765,0.17417253824764317
66,6.593045901274676,-0.32413190210936266,0.6950882048315141,-0.1093595042528488,64.4921568627451,-64.94245910644531,-18.600687,-8.629486,-0.51015884,-18.87926593516878,-8.884428627549784,-0.6711037473965444,0.43637614395746277,1.0128435063217212,-0.22375243926055893,-19.28637761784166,-10.419815894037596,-1.3784571242379995,0.1414983344891795,0.23058499237686345,-0.7185660603843106,0.8079138578242394,0.8378916207457545,0.1889421033702118
67,6.559450365208396,-0.38159194342943736,0.630752177170862,-0.21448871635173816,64.4921568627451,-64.94872283935547,-18.571531,-8.60209,-0.50535035,-18.856627518350685,-8.853943089309178,-0.6663164723638265,0.43298799038620067,1.0297937745349128,-0.21723669164108506,-19.282084997740274,-10.411428891872621,-1.4026476470467562,0.1287786030415316,0.2516100649492255,-0.7257156842627018,0.8068827932423444,0.8665257621224854,0.17778997661606968
68,6.571716902768609,-0.2490600114449018,0.5765158678709771,-0.13914759808431576,64.4921568627451,-64.9562759399414,-18.542353,-8.574755,-0.5004825,-18.83292649210101,-8.82365896838046,-0.6617503248043618,0.4351640975908433,1.044151325523061,-0.20905264057642386,-19.27806911098494,-10.402401316521123,-1.426992778297829,0.12047660266003488,0.27082726054492473,-0.730353937532179,0.8709934114604774,0.8420179195098492,0.16265337611571143
69,6.563473934481472,-0.32610872994986506,0.6739156734943561,-0.07008998969714675,64.4921568627451,-64.9650650024414,-18.513159,-8.547487,-0.4955592,-18.81032233790729,-8.792008970161456,-0.6568042347127317,0.4334386580067977,1.0627170171641147,-0.19839898183959565,-19.274415567262885,-10.392624945976854,-1.4514157873152316,0.10960631166170604,0.2932911163280699,-0.7326902705220839,0.8161359184354043,0.8995851443433783,0.18697752861247696
70,6.529200007818082,-0.36226631673009907,0.6362408751938469,-0.07703464375401836,64.4921568627451,-64.97554016113281,-18.483952,-8.520292,-0.49058452,-18.786671136205253,-8.760779328971967,-0.6516691695226804,0.43166373178541934,1.0789439878107132,-0.18820138784300047,-19.27116454167053,-10.382141641126815,-1.47592439038125,0.09753076777070273,0.3144991455011982,-0.7352580919805511,0.8717862302184356,0.8661144280842039,0.19789776229476289
71,6.539322870023541,-0.22185379835285046,0.7091136787095202,-0.18490099878397181,64.4921568627451,-64.9874038696289,-18.454733,-8.4931755,-0.4855624,-18.76314959904391,-8.729561035669196,-0.6467375253979681,0.4343238470236195,1.09699678008009,-0.18238610429214266,-19.268160020298566,-10.370870432189319,-1.5006384390014729,0.09013564115894104,0.33813626812484887,-0.7414214586066835,0.8464789601309918,0.8681002161646754,0.15364949955442536
72,6.514667455255962,-0.2943656497530042,0.6591905473317774,-0.15036909679806598,64.4921568627451,-65.00079345703125,-18.42551,-8.466141,-0.48049653,-18.740135189074195,-8.697425949677164,-0.6413875935250708,0.4338879946570159,1.1137994248492953,-0.17496278374031943,-19.265482571870773,-10.358866789310344,-1.5255195643959156,0.0803234528338409,0.36010928636924144,-0.7464337618332857,0.824632408401279,0.8983320438442214,0.1941623717314122
73,6.508036001772249,-0.37233261342171586,0.6435689872620525,-0.1310730795258852,64.4921568627451,-65.01616668701172,-18.396282,-8.439196,-0.47539055,-18.71684197188556,-8.665721507596581,-0.6358240717957583,0.43113992086812375,1.1290716974822221,-0.16685747346343738,-19.26321882634678,-10.346148069778856,-1.5505463265453872,0.06791236571978371,0.3815615859446432,-0.7508028644841486,0.8226429717775164,0.8786840263423927,0.19942129951495516
74,6.474737696285499,-0.29976291038233155,0.7252788375030499,-0.12117333239787698,64.4921568627451,-65.03313446044922,-18.367056,-8.412342,-0.4702481,-18.6932439900675,-8.635379328388215,-0.6300789150290489,0.4311148231596235,1.1450810177646036,-0.15845079876680243,-19.26128815072321,-10.332623484872364,-1.5757077257308565,0.05792026870703932,0.40573754719474486,-0.7548419755640778,0.8059246456213893,0.8379738175145985,0.18608634350033548
75,6.433579345445503,-0.282523073448663,0.6833134434248099,-0.14672279047700343,64.4921568627451,-65.0511474609375,-18.33783,-8.385586,-0.46507272,-18.669751796975568,-8.603838113806265,-0.6242802155263861,0.4314698359018164,1.1604774211548141,-0.15111858712141155,-19.259671389625698,-10.318339662806512,-1.601032150239078,0.04850283292541722,0.42851466197557186,-0.7597327352466446,0.8199677943109126,0.8670615694495337,0.20927597945202814
76,6.41965188512878,-0.257371138248287,0.7081799323174935,-0.21293898261621358,64.4921568627451,-65.07154846191406,-18.308609,-8.358931,-0.45986784,-18.644569150354346,-8.57481804199193,-0.6184677695113902,0.43433302589930356,1.1735690078888197,-0.14616351182842582,-19.258340596459572,-10.303268974149196,-1.626593173616873,0.03992379498380765,0.45212065971948834,-0.7668307013338518,0.863944422459433,0.7787935478981441,0.19335917568903785
77,6.445135156736037,-0.29620361158729586,0.721941724331985,-0.16481475760979158,64.4921568627451,-65.09237670898438,-18.279398,-8.33238,-0.4546367,-18.621157978254203,-8.541846168422238,-0.6130481212964057,0.4339054351935421,1.1908351615722574,-0.14045585403918573,-19.25733891841743,-10.287396128020399,-1.6523373245031234,0.030050341264231124,0.4761853838638878,-0.7723245265875115,0.8285787287361406,0.9067727957212143,0.2017968617650202
78,6.441786609000457,-0.2231017433235855,0.7260634564241106,-0.0859027461677968,64.4921568627451,-65.1174545288086,-18.250196,-8.305939,-0.44938233,-18.597118530350812,-8.51008102516248,-0.6075192548987195,0.43647001452942236,1.206445605118391,-0.13213859633115296,-19.256585131201206,-10.270716544717798,-1.6781769228851158,0.022613616486778274,0.5003874990780248,-0.7751879514597714,0.8352639597390226,0.8638596181708535,0.20135861668842014
79,6.464949080417501,-0.2881476513182576,0.7835471366892244,-0.09075241493428265,64.4921568627451,-65.14388275146484,-18.221008,-8.27961,-0.44410765,-18.572156153076154,-8.481272962618844,-0.6014965078990147,0.4376936204966465,1.2204360752777887,-0.12338540089756567,-19.256151508042,-10.253166353485543,-1.7041173572837018,0.013008694776169687,0.5265057369676657,-0.7782130319575808,0.8276475696596874,0.783694252045279,0.21214779413285398
80,6.49051092685038,-0.3199396809172957,0.8313824337222178,-0.11744750124018033,64.4921568627451,-65.16992950439453,-18.191835,-8.253396,-0.43881565,-18.54607317255221,-8.454652146447804,-0.5954347789565769,0.4389035249171736,1.2333731874303588,-0.11570740809685391,-19.256073373417145,-10.234692403993597,-1.7301882889058882,0.002344038745593165,0.5542184847584063,-0.7821279486655869,0.8480055262908872,0.7243234305121931,0.2055911161813966
81,6.4613343605681015,-0.36064718052054234,0.7468346528762868,-0.14495677901972925,64.88235294117646,-65.19606018066406,-18.16268,-8.2273,-0.43350917,-18.520956773530276,-8.426021936851846,-0.5867838451360647,0.43768684005056774,1.245227832029609,-0.10747966705736764,-19.256395957881757,-10.215388638220675,-1.756420283615874,-0.009677533938424913,0.5791129731876159,-0.7869598412995779,0.8239861572371718,0.7790237535739766,0.21754286253781802
82,6.4409970052843155,-0.26310357813455276,0.8173754376972203,-0.07158121718418897,64.88235294117646,-65.22537231445312,-18.133543,-8.201324,-0.428192,-18.49564097702323,-8.39707159906652,-0.5782751911646552,0.4398427717402605,1.259398124626994,-0.09725025043797302,-19.25701087965541,-10.19517667751698,-1.78273181301162,-0.01844765320957667,0.6063588211108566,-0.7893458818723842,0.8403313796773327,0.7801205732754195,0.2280312286627111
83,6.395997268391372,-0.30116832044526387,0.814230314350767,-0.05634281359814075,64.88235294117646,-65.25682830810547,-18.104431,-8.175471,-0.4228676,-18.470289903463144,-8.365612491563034,-0.570429614745747,0.4406502040842231,1.2755766554858772,-0.08790254353534177,-19.257960432896226,-10.174060016464006,-1.8091059455335863,-0.0284865972244188,0.6334998315892155,-0.7912239756589888,0.8802433956502556,0.8312779105422732,0.2154199163386229
84,6.369251961467756,-0.34807899422618505,0.8547875970150932,-0.032849160081433126,64.88235294117646,-65.29259490966797,-18.075342,-8.149745,-0.41753915,-18.445213968727394,-8.336042923559276,-0.562486552326781,0.4395572194344444,1.290735530527721,-0.07779044060138755,-19.25929674057507,-10.15199359141435,-1.8355165771223096,-0.040089230365291634,0.6619927514897186,-0.7923189476617033,0.8234097104960301,0.8037252999514524,0.20699623315576063
85,6.3700418962600756,-0.22895395330463986,0.8278463419581605,0.029304193352379215,64.88235294117646,-65.3282699584961,-18.046278,-8.124146,-0.41220966,-18.41905479571882,-8.308180210640009,-0.5545468799449887,0.44341680830265345,1.3029007975867275,-0.065873206105049,-19.260887441535363,-10.12900733709585,-1.8618946484961971,-0.047721028808779625,0.6895876295549906,-0.7913421412166239,0.854651706609554,0.7507312169288829,0.21378054385166295
86,6.3235057633121246,-0.3227666697125826,0.9198158766269613,-0.038770250633822556,64.88235294117646,-65.3639907836914,-18.017244,-8.098678,-0.40688208,-18.394018107493956,-8.276557142209944,-0.5470052548220428,0.44290927312507744,1.3214606579065193,-0.05714751439890891,-19.26283677212867,-10.104999065136653,-1.8883157979263443,-0.05847991779919905,0.7202481587758893,-0.7926344829044181,0.84780569223911,0.8435220757063464,0.2196952003482338
87,6.2756244136697825,-0.39892827751822874,0.7482870828684767,-0.04989501481563252,64.88235294117646,-65.40560913085938,-17.98824,-8.073343,-0.40155908,-18.366507682860092,-8.248770920243652,-0.5395058461828496,0.44228378610298685,1.3301064222553458,-0.048943853576109954,-19.265229356363662,-10.08015936308538,-1.9147923862618423,-0.07177752704980667,0.7451910615381718,-0.7942976500649391,0.9175868585463839,0.7188370689248192,0.22054250083205518
88,6.24263344320439,-0.33576953559007505,0.7929507815177754,-0.037010067913339384,64.88235294117646,-65.44493103027344,-17.959267,-8.048143,-0.39624316,-18.340287939904442,-8.219402524992432,-0.532366623743344,0.44242970400967313,1.3415588035134267,-0.04101702164558539,-19.26799501786042,-10.0544386046102,-1.9413100968950219,-0.08296984490280918,0.771622754255431,-0.7955313189953838,0.866391539398151,0.7814490550755249,0.20762655155381932
89,6.178182410656658,-0.2742757292129708,0.8557530463166751,-0.11425282244212376,64.88235294117646,-65.4875259399414,-17.930326,-8.02308,-0.39093664,-18.3148345447782,-8.190098155928897,-0.5252391132198279,0.4437895347841712,1.3547148433169254,-0.03565873743113295,-19.27106543016742,-10.02776700941689,-1.9679547551086927,-0.0921123692099082,0.8001478557993202,-0.7993397464101212,0.8247862054479912,0.79716738764425,0.21901469749643254
90,6.1045381480377845,-0.2945724500641049,0.8874163173047798,-0.16182029388981967,64.88235294117646,-65.53148651123047,-17.901423,-7.998155,-0.38564172,-18.28799901728046,-8.158955323634599,-0.5187292548450838,0.445719321821514,1.3703315909078462,-0.0327909959010696,-19.27446314519671,-10.00010939609324,-1.9947792136489075,-0.1019314508787117,0.8297283997094795,-0.8047337562064485,0.9290485772568348,0.7958838336955031,0.22413656536369087
91,6.005166518061316,-0.2961416985461605,0.8688307679842728,-0.05519426932940874,64.88235294117646,-65.57987976074219,-17.872555,-7.973372,-0.3803603,-18.260469649905833,-8.131391084080189,-0.512476933415857,0.4481443263735031,1.3814790110978756,-0.026648187703032955,-19.278189906557717,-9.971486415249608,-2.021664999155044,-0.11180284083025038,0.8586894253089553,-0.8065735651840954,0.8980622959896317,0.729689482463158,0.20255629392016
92,5.931533233396647,-0.23405949404817905,0.8365434927458683,-0.15231986445444257,64.88235294117646,-65.6249771118164,-17.843725,-7.9487314,-0.37509406,-18.23420997001371,-8.104851054564712,-0.5060607156156237,0.4512609945567992,1.3903193003941956,-0.023324233489764517,-19.282176734023224,-9.941933941636258,-2.0487200289550187,-0.11960482396518968,0.8865742084004843,-0.8116508939992435,0.8210410673590492,0.7453427280300831,0.21875202195358723
93,5.865118602823228,-0.23207097639857158,0.9006990487927028,-0.0894055985632054,64.88235294117646,-65.66962432861328,-17.814938,-7.9242344,-0.3698447,-18.206789163958632,-8.077771642193936,-0.5003486144443863,0.4553977971967933,1.4015814057778495,-0.018956286602278296,-19.286421418129173,-9.911380691302027,-2.0758743983089527,-0.12734052317847538,0.9165975100269077,-0.814631080618017,0.8806198598628611,0.7296358745813634,0.20182118478770605
94,5.8110457826322675,-0.33692114553080443,0.9064629110555406,-0.15104365009377219,64.88235294117646,-65.71647644042969,-17.786188,-7.8998814,-0.36461365,-18.17972642842075,-8.057922200230017,-0.4942725027796256,0.4555747384613005,1.4059254314017644,-0.01581800024813474,-19.29104045906349,-9.879820259955512,-2.1031965939407686,-0.1385712280295022,0.9468129403954257,-0.8196658689544761,0.7860156528220105,0.6565183624043018,0.20315962812246063
95,5.788767221913719,-0.29627599831354534,0.822724185609096,-0.03907395743727626,64.88235294117646,-65.7533950805664,-17.757484,-7.875673,-0.3594023,-18.151989909357106,-8.032972476760069,-0.48894498706652245,0.4576683522938274,1.4122902397636503,-0.010173483819405409,-19.295988695551486,-9.847345690624987,-2.130562205080848,-0.1484470946399537,0.9742370799157289,-0.8209683342023854,0.8653162864592122,0.6950667242960671,0.20429211019806465
96,5.721399043521819,-0.24257405039526692,0.7756008480429184,-0.06598311869002771,64.88235294117646,-65.79895782470703,-17.728823,-7.851608,-0.3542118,-18.12478042290425,-8.003675629759918,-0.48413343188677577,0.46091848264064567,1.421067097757075,-0.006226631870317007,-19.301206458762145,-9.814009342574415,-2.15800113079725,-0.15653289631979594,1.0000904415171596,-0.8231677714920529,0.8957832805643356,0.7659846331415593,0.20860863763314563
97,5.6821660591618945,-0.29007304914153825,0.7989348463974048,-0.14302828675259605,64.88235294117646,-65.85220336914062,-17.700209,-7.8276887,-0.34904304,-18.097261671141812,-7.982746057754285,-0.4790442822758023,0.46275500072824866,1.4225838677908198,-0.00411204670746707,-19.30674652536074,-9.779785289138957,-2.185598976832266,-0.1662019979578472,1.0267216030637398,-0.8279353810504727,0.8124841056165228,0.6591974641872477,0.20531890262925342
98,5.658009636872828,-0.20598548997623056,0.8427889834881622,-0.15387861306403394,64.88235294117646,-65.8929672241211,-17.67164,-7.803915,-0.34389696,-18.070169143945645,-7.960067688589184,-0.4741026078953759,0.4668567078875881,1.4272090270134592,-0.0023874039242457786,-19.312515464725976,-9.744624803499622,-2.2133677991040193,-0.1730681809570549,1.054814569180012,-0.8330646681526072,0.8146522563734171,0.6830368432712642,0.22392478078645897
99,5.649523951257584,-0.16433215192903378,0.7920615104427889,-0.08680657547450821,64.88235294117646,-65.93701934814453,-17.64312,-7.7802863,-0.33877444,-18.04231286266301,-7.934471820197207,-0.470060408812586,0.4728707838257274,1.432811165119361,0.00022933988554770923,-19.318466995371132,-9.708584249515352,-2.2412330731263,-0.17854591935468936,1.081216619528105,-0.8359582206684241,0.8761689199657635,0.7028510740449053,0.20089774960805334
100,5.67683567708681,-0.19094522612657625,0.8342049026637642,-0.11389407967033804,64.88235294117646,-65.98668670654297,-17.614649,-7.7568035,-0.33367592,-18.014191467786887,-7.91036678514739,-0.4660567121599866,0.47803439115877683,1.4383115719654047,0.0021188114249297224,-19.32463068737865,-9.671616801194789,-2.2692248961259924,-0.18491076022557523,1.1090234496168971,-0.8397546899907686,0.8711105455529956,0.6777475384160975,0.21503794798970524
101,5.709402129433177,-0.16668125762495892,0.8843792693681757,-0.014343917044671528,64.88235294117646,-66.0344467163086,-17.586227,-7.733466,-0.32860193,-17.98616072725583,-7.887803511210132,-0.46211585664496707,0.4837166447216533,1.4439367612609169,0.0073698470937230125,-19.33097958078353,-9.633666709241595,-2.29723265681129,-0.1904668021464072,1.1385027585958363,-0.8402328205589243,0.852143972147826,0.6619223022346957,0.22341880280984655
102,5.745277901262241,-0.26024454384042317,0.8032887818180799,-0.15396657763484356,64.88235294117646,-66.08003234863281,-17.55786,-7.710275,-0.32355282,-17.95738108968176,-7.865110178022824,-0.4588874290077586,0.4868094600002939,1.4469171552461324,0.006916834607216264,-19.33761763479268,-9.594824074197492,-2.3254114914717374,-0.1991416202744213,1.1652790513231055,-0.8453650398134192,0.880304947413934,0.65121096264373,0.19152343533628513
103,5.821666564234625,-0.17165057861262992,0.9197309151702477,-0.1516209373695787,64.88235294117646,-66.1263427734375,-17.529543,-7.687229,-0.31852874,-17.928716052543987,-7.842079548202633,-0.4557497845312551,0.49257794113795234,1.4540040585134546,0.006722480019824541,-19.34444641166695,-9.55495951591431,-2.353758793840373,-0.20486330622817564,1.195936748495447,-0.8504190710590718,0.8822406490329591,0.6546545532195618,0.21032041379276287
104,5.886605053315755,-0.12969532780097037,0.8448188301934902,-0.06102280923651904,64.88235294117646,-66.17345428466797,-17.50128,-7.664329,-0.31352982,-17.899566238317785,-7.822835880185365,-0.45273757748588456,0.499960402186089,1.4550163454367802,0.009576609579835202,-19.351419294461003,-9.514156270042026,-2.3821738993303825,-0.2091864838215413,1.2240973761685634,-0.8524531647002891,0.8679392080468171,0.6015802949859714,0.20748943080755583
105,5.9952579570275,-0.20568381521357126,0.7660227511912887,-0.13400961531283428,64.88235294117646,-66.21448516845703,-17.473074,-7.6415734,-0.30855605,-17.870566302573987,-7.804710779380418,-0.4499757464837174,0.504458093601847,1.4524587751440714,0.00974648961014906,-19.358620714827513,-9.472501887779528,-2.410737904392962,-0.216042610995327,1.2496314678749396,-0.8569201518773836,0.8502847157120491,0.5968132051547859,0.19817993646034193
106,6.073630385102168,-0.12519752804056467,0.9104541813566316,-0.10391174465929964,64.88235294117646,-66.25354766845703,-17.444923,-7.618961,-0.30360743,-17.842729278543874,-7.787312478849027,-0.4473029419659274,0.5103772503518423,1.454123441107486,0.010976501539823465,-19.365961243558512,-9.429835889759966,-2.4394173669496073,-0.2202158619300125,1.2799799405868273,-0.8603838766993602,0.8051484625359361,0.6163490715548394,0.19931305082752154
107,6.178452037311308,-0.17142661061166012,0.9162294489565153,-0.16571314778376944,64.88235294117646,-66.29102325439453,-17.41683,-7.59649,-0.29868385,-17.813978529439108,-7.769872588146122,-0.4450116691791271,0.5154083135348054,1.4560247311997296,0.009714330489858525,-19.373492246301304,-9.386151859019343,-2.4682809552260125,-0.2259300822837345,1.310520922218711,-0.8659076482921525,0.83860410778044,0.5946023385283224,0.19226316581626512
108,6.360819509302559,-0.16783374388699066,0.7764546018762104,-0.07125017181623683,64.88235294117646,-66.32881927490234,-17.388794,-7.574159,-0.29378513,-17.78546432506418,-7.753815255738548,-0.4425424737699212,0.5201705922674047,1.452081012073462,0.012112420659315493,-19.381209730981748,-9.341605100943301,-2.4972237103599912,-0.23152454041330087,1.3364027422812514,-0.8682826540193604,0.8231318618777583,0.5796070523975971,0.21352932314841377
109,6.541371516252436,-0.22656290054385184,0.9318275851287623,-0.12701583780099668,64.88235294117646,-66.3639144897461,-17.360819,-7.5519676,-0.2889111,-17.757777376140332,-7.736189014473284,-0.4405398762271928,0.522095095432618,1.4548272678399672,0.011978805011021878,-19.38917895221835,-9.296022978883784,-2.526307594202638,-0.23907663709809593,1.3674636617855436,-0.8725165152793937,0.8019429548055302,0.6186836972241337,0.19444028479949
110,6.694399498628694,-0.1765034856549043,0.8908176408811885,-0.21545143330734717,64.88235294117646,-66.40159606933594,-17.332903,-7.5299134,-0.28406143,-17.728676472234053,-7.716810031027588,-0.438902812274623,0.5268682617439706,1.4577706255004765,0.008572778522411801,-19.397344288439015,-9.249451059445509,-2.555630868526737,-0.24496008661992608,1.39715758314825,-0.879698229722972,0.869481353051209,0.5977327422090035,0.19873548249390038
111,6.8355960344362146,-0.18538483567651318,0.8579332552506029,-0.11190095809363854,64.88235294117646,-66.44237518310547,-17.305048,-7.507996,-0.27923572,-17.699623997467356,-7.69370739830367,-0.437730913142152,0.5311475879124713,1.462942804500576,0.008135675581325566,-19.405715607810432,-9.201925880834732,-2.585078477248718,-0.25113958114247653,1.42575535832327,-0.8834282616594266,0.8985030382278911,0.6401425399250091,0.19999318977623554
112,6.977416631102571,-0.1741345872407683,0.8078073933048331,-0.18770509740625485,64.88235294117646,-66.48959350585938,-17.277254,-7.486216,-0.2744334,-17.670239815161978,-7.679769712504689,-0.4362717693511521,0.5359521379303126,1.4580895965055238,0.006018184620576846,-19.41428041005656,-9.153503138453617,-2.6147346471900392,-0.25694406738383546,1.452682271433431,-0.889685098239635,0.8439752747082607,0.5353844279260894,0.20140285609740827
113,7.1025857343699075,-0.07403962106490153,0.8906224217462811,-0.2619001574622377,64.88235294117646,-66.52046203613281,-17.249523,-7.4645715,-0.26965398,-17.641372602028085,-7.663384599821468,-0.43494369946073713,0.5434211415035503,1.4583414086168496,0.0015364910428610264,-19.422927478548313,-9.104090815603897,-2.6446818173063185,-0.2594120547526655,1.4823696854916404,-0.8984151034883763,0.8444572032735449,0.5666048922428869,0.21228895621073543
114,7.220971058105275,-0.12113816392429491,0.9178151443348987,-0.17424094026209858,64.88235294117646,-66.55522155761719,-17.221857,-7.4430604,-0.26489696,-17.611313445926044,-7.643478269959652,-0.43430409143246823,0.5501807819018542,1.4626748604498725,-0.0008717580219741224,-19.431709144999985,-9.05365869814936,-2.6748225884673333,-0.263449993550142,1.512963523636137,-0.9042231348304463,0.9173411975008006,0.5697178209981557,0.2028302731734915
115,7.346616520111722,-0.05914756714986287,0.9462612891633073,-0.15399777025767136,64.88235294117646,-66.59603118896484,-17.194254,-7.421683,-0.26016164,-17.583097533454858,-7.625031944509691,-0.4335100113191139,0.5571072970431595,1.4665286079770454,-0.0020304749335337607,-19.440556530970714,-9.002175179262418,-2.705134468261968,-0.2654215791218041,1.5445055666082472,-0.9093563938390353,0.8342683124119903,0.6040843261127917,0.21150999547581534
116,7.4890639913377015,-0.08387503783302934,0.9451904061810206,-0.321940809713551,64.88235294117646,-66.63362121582031,-17.166718,-7.400438,-0.25544736,-17.553760347566755,-7.60413887749931,-0.43309859313045457,0.5640124638565317,1.4724524981852163,-0.00905311024658341,-19.44949711142792,-8.949641448813052,-2.7358040600673954,-0.2682174137162384,1.5760119134809478,-0.9200877541628204,0.894923895053116,0.5998078100222172,0.2171482800210035
117,7.621866710704086,-0.1431256100058468,0.8947191273654325,-0.21168843629252976,64.88235294117646,-66.67511749267578,-17.139246,-7.379326,-0.2507534,-17.524960116214118,-7.590269376641237,-0.43277251442643344,0.5682758203404046,1.470269832283872,-0.012066824332846678,-19.45859672034069,-8.896113585999949,-2.766708861246481,-0.2729882673831,1.6058358843931289,-0.9271440353725714,0.8294075172182971,0.5451256035113389,0.19561829550641308
118,7.75752925039133,-0.011908155388418998,0.8581910336358148,-0.24997330597721223,64.88235294117646,-66.70394134521484,-17.111841,-7.3583446,-0.24607898,-17.494969609483007,-7.569788445517896,-0.4330673376983972,0.5777799983405998,1.4728978389682492,-0.017136089969963415,-19.467709560537227,-8.841632177593915,-2.7978914105433192,-0.2733852058960473,1.6344422521809894,-0.9354764789051452,0.9196502653176333,0.5759051377627975,0.19838252661876096
119,7.9915608798695965,-0.02910781520020562,0.8876057522832353,-0.23660464183403462,64.88235294117646,-66.74396514892578,-17.084503,-7.3374944,-0.24142314,-17.464301505962855,-7.556964468188684,-0.43326695944310456,0.5870351361973493,1.4695791231967537,-0.021167730922911576,-19.47685474275065,-8.786164540574234,-2.8293368538866397,-0.27435546640272085,1.6640291105904306,-0.943363300299613,0.896194354783807,0.47469743356918764,0.19334952908178607
120,8.182371654636873,-0.000796636453506562,0.9551750565407537,-0.22752147057184757,64.88235294117646,-66.77033233642578,-17.057236,-7.3167725,-0.23678501,-17.43559621561334,-7.544033718389236,-0.4331501082666817,0.5951820928668846,1.468693572534252,-0.0240715325081441,-19.486000810115687,-8.729635597936173,-2.861035098863929,-0.2743820209511711,1.695868279141789,-0.9509473493186746,0.8304782661829674,0.5266258370767114,0.21074422205777554
121,8.342899516021236,-0.06913103407978294,0.9794631134568097,-0.16891544680866666,64.88235294117646,-66.79638671875,-17.030035,-7.2961774,-0.23216383,-17.40709276686054,-7.531518042926356,-0.43363183421514523,0.6006582512308856,1.4682755510934125,-0.025889392271425688,-19.495223689740815,-8.672018362949828,-2.8929210276710053,-0.2766863887538305,1.7285170495903492,-0.9565778642122968,0.8206038070344882,0.533519499257154,0.17435884454466688
122,8.545603331354283,-0.02804097915512177,0.9141444922784836,-0.17931542301873904,64.88235294117646,-66.82107543945312,-17.002905,-7.275707,-0.2275587,-17.376581870283307,-7.513811990563748,-0.4341669110152427,0.6091126034260236,1.4703736559335434,-0.028001239636856357,-19.504477726009448,-8.613385411860952,-2.9250061958369917,-0.2776210880590012,1.7589885326662986,-0.9625550449795881,0.9242022833578163,0.5181838988943234,0.21185544763979616
123,8.730393660045545,-0.03022548833808466,0.8422817408705159,-0.11339412784622382,64.88235294117646,-66.85423278808594,-16.975845,-7.2553606,-0.2229687,-17.346687291840265,-7.507282172257477,-0.43449913976445104,0.6166900796843603,1.460070755302452,-0.027409913186420373,-19.513765346154013,-8.553816592171108,-2.957217357478363,-0.27862860433693737,1.7870645906953158,-0.9663348492411289,0.84751985200628,0.4281529927610599,0.18352664626365223
124,8.892063813885494,-0.053996143698743206,0.9627407039002387,-0.21905809126763032,64.88235294117646,-66.86812591552734,-16.948856,-7.235135,-0.21839303,-17.31596380961477,-7.488656637213386,-0.4350871538452443,0.6240013552546905,1.464840363537828,-0.030762594397586208,-19.523112962013798,-8.493178060588042,-2.9896719169989203,-0.2804284757935621,1.8191559474919903,-0.9736367856167165,0.9402574485050182,0.5164779416384828,0.2209483153874425
125,9.097972094037772,-0.09847576252597705,0.8699448474694208,-0.1529283266111019,64.88235294117646,-66.90155029296875,-16.92194,-7.21503,-0.21383081,-17.28600425546699,-7.466471947852009,-0.4362032710954006,0.6289508727239079,1.4696034190452272,-0.032611369181302995,-19.5325699953875,-8.431572923618898,-3.022296396882379,-0.28371100121109466,1.8481541090743043,-0.9787343965037533,0.9264823974823811,0.5936716288016642,0.19998345991205416
126,9.313082287477977,-0.09506722449784874,0.8747392045679085,-0.151172121666324,64.88235294117646,-66.94001007080078,-16.895096,-7.195047,-0.20928106,-17.255144932059846,-7.455494172182116,-0.43717280818511195,0.6346672673592373,1.4643755791351556,-0.033929100737924864,-19.542132659010647,-8.368995854200234,-3.055088845789911,-0.2868799086943563,1.8773120825599012,-0.983773467225964,0.8995570547760928,0.43926121847920374,0.1780461813503229
127,9.530071268756927,-0.12329412047154067,1.061671107846575,-0.15636910068110232,64.88235294117646,-66.95960998535156,-16.868324,-7.1751823,-0.20474282,-17.224480809417475,-7.4426057898672715,-0.4381504036232266,0.6391116238072555,1.4671505620174026,-0.03537753821051684,-19.551832316100985,-8.305239150217297,-3.0880550381426444,-0.29098971271007434,1.9127011194881205,-0.9889857705820008,0.9022050286869562,0.46406644145863746,0.18386176069497703
128,9.788667956596669,-0.16801038506035962,0.9257087026776927,-0.18811598688777487,64.88235294117646,-66.98170471191406,-16.841627,-7.155436,-0.20021519,-17.19580513340852,-7.43565418619462,-0.43846803094732106,0.6401792380597021,1.4600756013972693,-0.03661858565815851,-19.561718651396944,-8.240453881009161,-3.1212302482585863,-0.296590058878753,1.9435580762440436,-0.9952563034782599,0.8166366569509922,0.4562651689641606,0.1935027722024703
129,10.004313098917342,-0.09813980451284621,0.9187813524435621,-0.21264765798672336,64.88235294117646,-66.9937744140625,-16.815004,-7.135804,-0.19569756,-17.166371623227,-7.42483507730402,-0.4394906283158517,0.6441878547467329,1.456430962241082,-0.039873997470880225,-19.571714030920138,-8.174647743631645,-3.154641733550069,-0.29986138569584786,1.9741841213254958,-1.002344558744484,0.8525298082973262,0.4756511938900069,0.1640277628504287
130,10.229582640703939,-0.18388119365193467,0.8686777418354955,-0.18083235563791966,64.88235294117646,-67.01131439208984,-16.788458,-7.116285,-0.1911891,-17.13592378642734,-7.416737191493148,-0.44024154778064084,0.6461704931416183,1.448806316902692,-0.041475037011537715,-19.581913722880724,-8.1078764087632,-3.1882541436811493,-0.30599075881757903,2.0031400460533457,-1.0083723039324146,0.8766536099405803,0.4094582112103604,0.18056597455463425
131,10.486135080834941,-0.1429949650498764,0.8667989741043137,-0.20470409229635855,64.88235294117646,-67.02428436279297,-16.761986,-7.0968757,-0.18668905,-17.10602594929754,-7.405628170538641,-0.44115345349497054,0.6489485476782563,1.4440228086814848,-0.044103341745488946,-19.59227229813581,-8.040141963923528,-3.2220940028036704,-0.3107572576525749,2.032033345190156,-1.0151957736756265,0.8702623488789115,0.4561389828837231,0.1746436901016689
132,10.755679099180549,-0.11032813788104896,0.8962319233375745,-0.24349535256856036,64.88235294117646,-67.0412368774414,-16.735588,-7.077575,-0.18219669,-17.07498612992695,-7.402783724708175,-0.44186969062010656,0.6537420590724619,1.4329370806026656,-0.04753113078784277,-19.602753460210764,-7.9714117058357035,-3.2562044123179343,-0.31443486224860984,2.061907742634742,-1.023312285427912,0.8825849533915701,0.32642010134644733,0.16921145647604924
133,11.033804527488439,-0.150097791455767,0.7742130364580234,-0.18279511231913226,64.88235294117646,-67.044921875,-16.70927,-7.0583797,-0.17771137,-17.044006568289394,-7.390757041741142,-0.44317298378596337,0.6570386341588734,1.4263667960647068,-0.04996260890114431,-19.613401397609557,-7.901821211040703,-3.2905179275125525,-0.31943812196380206,2.0877148438500095,-1.0294054558385497,0.9135179101562265,0.4258494779284772,0.15475709663329235
134,11.320744030413593,-0.08124274557000775,0.7948779309580773,-0.21665314868855923,64.88235294117646,-67.06224060058594,-16.683027,-7.039287,-0.17323223,-17.01435977048607,-7.383455962983416,-0.4437010326926457,0.6613096852846958,1.4164146588128488,-0.05203324162196319,-19.624139604725652,-7.831347518544638,-3.3250721684279356,-0.3221462134828023,2.114210774881945,-1.0366272274615016,0.8543492624069826,0.40827941262366174,0.18101456308495328
135,11.649438938526789,-0.0936486942112329,0.7882386340252618,-0.3390874152517078,64.88235294117646,-67.07170104980469,-16.656864,-7.020296,-0.16875878,-16.984753437812476,-7.374097687516519,-0.4443503764176733,0.6650153434685121,1.4083556777190918,-0.058241914370765424,-19.634981865946425,-7.759998005344101,-3.3600031731380433,-0.32526783662317676,2.1404853960161208,-1.0479301413032251,0.85989048281682,0.42835130983247,0.17785045230281496
136,11.953813384420673,-0.12212881163167341,0.8233333101657079,-0.24798994992922552,64.88235294117646,-67.08385467529297,-16.63078,-7.0014043,-0.16429046,-16.95415142201583,-7.365243726788894,-0.4448886468204114,0.6685749096449684,1.4012055997168926,-0.06101052514685786,-19.645959825846788,-7.68773367735449,-3.3952097222369613,-0.3293387970108992,2.167929839688311,-1.0561964729675326,0.8934708905108073,0.3815945913403361,0.19546649510656058
137,12.275215918684642,-0.15342121052816746,0.7649958891390012,-0.20425549337169713,64.88235294117646,-67.0944595336914,-16.604773,-6.9826097,-0.15982679,-16.923534521284644,-7.355630276770743,-0.4456987038110195,0.6710212616242182,1.393002566818163,-0.06275566419418599,-19.65710825375885,-7.614619353932503,-3.4306432218840697,-0.3344528373618381,2.193429702659611,-1.0630049894132558,0.8955751423109966,0.3919809627172658,0.1777337992584874
138,12.567503573293846,-0.19047841339538435,0.8131347181011334,-0.20356644768339294,64.88235294117646,-67.10585021972656,-16.578844,-6.9639115,-0.15536721,-16.894059558012852,-7.343842426886249,-0.44633687037651654,0.6711583892519823,1.3885470181619866,-0.06414856501105654,-19.66846832435246,-7.540601547490404,-3.466302906473049,-0.3408021178083509,2.2205341932629823,-1.0697905376693688,0.8637158894902897,0.45164600952191175,0.18625900013641467
139,12.908836395442915,-0.2501176052758726,0.8193598764613732,-0.35006873980366393,64.88235294117646,-67.11970520019531,-16.552998,-6.9453087,-0.15091126,-16.86274969687039,-7.334057993260435,-0.4475291226690482,0.6709917684939669,1.3825930078435982,-0.07123661335144192,-19.68010630339638,-7.465673341185569,-3.502351556328476,-0.34913937131754663,2.247846189145028,-1.0814594956628243,0.9194382124595581,0.37106535789001804,0.15318809716577195
140,13.25570564775871,-0.18456812239249337,0.771329943100922,-0.2368230530477291,64.88235294117646,-67.13007354736328,-16.527231,-6.9267993,-0.14645827,-16.83217958940087,-7.3243257535376936,-0.44845622992133133,0.6723243707764686,1.3751586253837886,-0.07387614540253402,-19.691949358131843,-7.389888101610623,-3.538663342909512,-0.3552916420639631,2.273557187248392,-1.089353597431082,0.8944998055389274,0.3912956649115378,0.16741108899677498
141,13.59680804911749,-0.30381151492164016,0.7652210112209987,-0.19238075733479576,64.88235294117646,-67.13947296142578,-16.501545,-6.9083824,-0.14200768,-16.802037637503407,-7.3242654147462325,-0.4490904596897456,0.6693238011633642,1.35898613660242,-0.07449883543230194,-19.70412998121722,-7.313252616467653,-3.5751888858875867,-0.36541869256135107,2.299064554289092,-1.0957662893422417,0.8498433792035791,0.3032013659774254,0.1460838817549127
142,13.929210698229872,-0.26414578051012727,0.8580533088347884,-0.2512286889033728,64.88235294117646,-67.13461303710938,-16.47594,-6.8900537,-0.1375591,-16.77095511405673,-7.315319488947598,-0.4497889046024796,0.6685746105829127,1.354320715517387,-0.07729548306895546,-19.716604099614276,-7.235663738759311,-3.611993571853332,-0.37422355191168866,2.3276663312502515,-1.1041405789723542,0.910723573144572,0.3543270806831715,0.17180505873856697
143,14.229305130008688,-0.2525701143382221,0.8002205012603345,-0.2625983928803386,69.95490196078431,-67.14180755615234,-16.450418,-6.871813,-0.1331121,-16.739767257268284,-7.307735948666531,-0.41751040582541027,0.6683337032129646,1.3466221565629648,-0.060094793013224956,-19.72935885147171,-7.15718572716068,-3.649090033811166,-0.38264255572296274,2.3543403479589293,-1.112893858735032,0.9096999312636379,0.3321588281207605,0.1656378225008325
144,14.544041933761989,-0.23175327163582518,0.652952811128964,-0.3365987210759158,64.88235294117646,-67.14659881591797,-16.424978,-6.8536572,-0.12867862,-16.71080536886803,-7.309877891501133,-0.4185252169743129,0.666778350911388,1.3254686887424374,-0.06602994322669266,-19.742371106964292,-7.077982212438573,-3.6865604943479737,-0.39036766477749024,2.376105441663228,-1.1241138161042292,0.8132007496725651,0.3069133418337379,0.1378924197199537
145,14.857173001785176,-0.31398605269580027,0.8273758059080387,-0.24286741443143356,64.88235294117646,-67.13739776611328,-16.399622,-6.835583,-0.124257684,-16.680731673500233,-7.300985090849994,-0.4197526067514601,0.6635885057192061,1.320622372317823,-0.06920421080559169,-19.755732235848757,-6.9978593912654565,-3.724300807567483,-0.4008338665340169,2.403684635193496,-1.132209396585277,0.8742130765467198,0.38201950731028855,0.1608236913592556
146,15.144826217080022,-0.2037055643599161,0.7516911711245291,-0.1799162788518771,64.88235294117646,-67.14310455322266,-16.374348,-6.817589,-0.119921796,-16.651549656060933,-7.299811871069027,-0.42061928249116703,0.6633171326181847,1.3063735374727878,-0.06964291334695918,-19.76931970424918,-6.916901357679979,-3.7622410277634946,-0.4076240520126808,2.4287410075643137,-1.1382066058803397,0.8266282602646888,0.32168839224362283,0.1463546624667502
147,15.423280458315554,-0.2163262052958627,0.6732897097622631,0.014978394233109427,64.88235294117646,-67.13773345947266,-16.349152,-6.7996697,-0.115877435,-16.6208779731136,-7.290918581342459,-0.42173975170060274,0.6640069451977423,1.2969395099723435,-0.06439529905344725,-19.783147535099932,-6.835195224416989,-3.800164605299247,-0.4148349255225429,2.4511839978897223,-1.1377073260725694,0.8993752310303424,0.34729552232247046,0.15843917861155166
148,15.727655838864894,-0.1822617204538342,0.7197688390344554,0.0960676473173585,64.88235294117646,-67.14208221435547,-16.324036,-6.781823,-0.112291664,-16.589010744791313,-7.278272490391406,-0.42355681043678417,0.6668977711004718,1.2926835731643773,-0.05819387561939687,-19.79717787897341,-6.752689347999516,-3.8379814410046467,-0.4209103162043374,2.4751762925242042,-1.1345050711619908,0.9664337054557817,0.3489900632838141,0.11785251779809405
149,16.066460638766692,-0.30387911637799675,0.7657222647456539,0.29743048186653454,69.95490196078431,-67.15106964111328,-16.298998,-6.764048,-0.10933552,-16.559035604036136,-7.2787988052991786,-0.39212856715039063,0.6639951078764922,1.2779918007559643,-0.02483336500975914,-19.81154586630953,-6.669332669065658,-3.8754677983968615,-0.43103962008360397,2.500700368015726,-1.1245907217664397,0.8440635217084099,0.2759212277644996,0.10448572881177641
150,16.37925965810094,-0.3821287860618665,0.7389785352574341,0.4253415527354836,69.95490196078431,-67.14149475097656,-16.274035,-6.74634,-0.10713359,-16.52822203702236,-7.270079461775883,-0.3615493796732908,0.6593923329960514,1.271255780442118,0.01029544568905725,-19.82633844118572,-6.5851549028704035,-3.9124815540638145,-0.44377724628566617,2.5253329858576405,-1.1104126700085903,0.8989742302558599,0.34740879828047144,0.0984923831236422
151,16.698798245479104,-0.3082581056347302,0.5956105577175181,0.4463389862479694,64.88235294117646,-67.14378356933594,-16.249147,-6.728698,-0.105710916,-16.497917556586717,-7.266248430107402,-0.36433417214371167,0.6569028136259084,1.2554842496602838,0.023813764016407057,-19.841473525068167,-6.500315347166574,-3.9489993775238252,-0.4540525164734905,2.545186671114891,-1.0955347038003247,0.8636690562927981,0.3093851209970002,0.05999362445416137
152,17.04976034607677,-0.21897923884739912,0.6822427529577333,0.5488502883302306,64.88235294117646,-67.1393051147461,-16.224337,-6.711119,-0.10508974,-16.46628131115661,-7.260771129421242,-0.3673369906441325,0.6586571631862598,1.2444838602183033,0.03929886980699788,-19.856851919216002,-6.414717743959458,-3.984907367330136,-0.46135182443507045,2.567928096213482,-1.077239694189317,0.9214958842632801,0.26491782746538606,0.02484206970072459
153,17.371713050587857,-0.28999324705105534,0.7115194415121485,0.4990261866536283,64.88235294117646,-67.13590240478516,-16.199604,-6.6936035,-0.10528091,-16.435928532778842,-7.256949146883132,-0.37040404393924675,0.6568631276610479,1.2331964500367953,0.05200555809960536,-19.87255252808278,-6.328329563595107,-4.0202608835957205,-0.47101826600343893,2.5916454109305533,-1.0606054879675293,0.8662773287087718,0.302034305027303,0.0007235037089663478
154,17.702415524490945,-0.2963740249271012,0.690899733374293,0.4341942885513781,69.95490196078431,-67.1301040649414,-16.174948,-6.676148,-0.10624229,-16.406437850325265,-7.252869646738417,-0.34114447753938987,0.6541355391595459,1.2217484547847128,0.08143368689852629,-19.888582441421704,-6.241173716860339,-4.055131961762914,-0.4808974001676756,2.6146754020430296,-1.0461323450158166,0.8388141088620261,0.3314031352816328,-0.009692127925427573
155,18.079641718459463,-0.3707087180483009,0.662855319363687,0.33416546381008594,64.88235294117646,-67.12481689453125,-16.150372,-6.658753,-0.10788222,-16.37629872705271,-7.249890783505469,-0.34556794824289805,0.6496657291535775,1.208645285760284,0.08485275257927959,-19.905024253336236,-6.153281364215167,-4.089631744970319,-0.4932543574359523,2.6367705793551526,-1.0349934962221472,0.8560839655706571,0.28745282745409634,-0.06874527463434299
156,18.46664358650216,-0.26467584236258457,0.6905673574084874,0.32271895589469857,64.88235294117646,-67.11710357666016,-16.125874,-6.641416,-0.11015253,-16.34740184242936,-7.246827644851575,-0.34932083174884615,0.6476809363810102,1.1968585353943635,0.08874040621869528,-19.92176014952006,-6.064621714506208,-4.123772951560063,-0.5020768855147051,2.6597894912687687,-1.024236197692324,0.818336335511913,0.3281828814894068,-0.034682431226092846
157,18.857420803073076,-0.2555570115874581,0.743410652289906,0.28205337565887767,69.95490196078431,-67.10924530029297,-16.10146,-6.6241364,-0.11298603,-16.31786300652743,-7.248032207120063,-0.3211339037590994,0.6466678005606795,1.1831325710231984,0.11012501328912155,-19.938779997938983,-5.975136052961371,-4.157600765510186,-0.5105954525676204,2.684569846345099,-1.0148344185036948,0.8284194770714454,0.25066275030761137,-0.04078208857862505
158,19.25894657375021,-0.37880817101363085,0.7754134729590755,0.08874512617200203,69.95490196078431,-67.0955581665039,-16.077126,-6.6069126,-0.11622459,-16.2883566073435,-7.241715097706576,-0.29382376798675375,0.6416295409198975,1.1777821518921447,0.12351674579226196,-19.956220744325698,-5.884788820891025,-4.191329973764563,-0.523222391601408,2.7104169621104015,-1.0118762476312948,0.8471493316641341,0.33287745746735975,-0.0736355390195462
159,19.673753390962876,-0.2739620017787422,0.7339017885200801,-0.1485020240840118,69.95490196078431,-67.09089660644531,-16.05288,-6.589745,-0.11967348,-16.2579485642,-7.232789230571812,-0.26712427743514905,0.6410475325009651,1.1735906619410839,0.12848597601685183,-19.97396589293661,-5.793626142388989,-4.225224184267922,-0.5323544583273662,2.7348803550610707,-1.016826315100762,0.894971740317148,0.3225826126850541,-0.08379842616380208
160,20.10904054488218,-0.364940086508659,0.8553442347416422,-0.22353595229775536,69.95490196078431,-67.08888244628906,-16.02872,-6.5726357,-0.123187214,-16.228537859069938,-7.231950357762495,-0.24196902994759367,0.636586712418939,1.1658907045597706,0.12907814635598278,-19.992116530532535,-5.701513081403907,-4.259366768051612,-0.5445191278776548,2.7633918295524587,-1.0242775135106872,0.8282087280982592,0.2651841688638689,-0.08756729213059726
161,20.545312540286144,-0.3567545297101306,0.8280930986862123,-0.3612462559074796,64.88235294117646,-67.07617950439453,-16.004654,-6.555583,-0.12658304,-16.19833675517303,-7.22887173845647,-0.24882373021904858,0.6332933243885103,1.159544559266839,0.10665132040437651,-20.010663562050357,-5.60847991697584,-4.293910736564087,-0.5564109455346591,2.790994932841999,-1.0363190553742698,0.8623873999287597,0.25501058538291815,-0.07040237548962752
162,21.003306287389393,-0.30356299165981615,0.6871668199996368,-0.47002668735616915,64.88235294117646,-67.06578826904297,-15.980677,-6.538586,-0.12976806,-16.167460242614585,-7.222781574877652,-0.2555999450283472,0.632504236409258,1.1515153881393216,0.0819165695521121,-20.029547885781135,-5.514683233858885,-4.328976956951403,-0.5665297119233196,2.813900493508654,-1.0519866116194754,0.9037501615877055,0.25213605506437986,-0.070566588651181
163,21.47363839700568,-0.3187577808573868,0.7799418391239474,-0.48697439261318287,64.88235294117646,-67.05821228027344,-15.956791,-6.5216446,-0.1327372,-16.136478104871884,-7.218001060723344,-0.262553355416364,0.631363596342903,1.1454737025131,0.05753775552046929,-20.048786384823977,-5.420019948698458,-4.364584259997178,-0.5771549712852325,2.8398985548127853,-1.068219091373248,0.9028529637970747,0.22836249789287943,-0.06550727136751144
164,21.911380874866534,-0.3374305750532276,0.7940009153909366,-0.5044667948279553,69.95490196078431,-67.04857635498047,-15.932998,-6.504757,-0.13549611,-16.1059187310049,-7.214123510790819,-0.2379138342175829,0.6292699242905938,1.1391548100880748,0.052716519677363585,-20.06839980672799,-5.324474440298709,-4.400752081703873,-0.5884026571203401,2.8663652519924834,-1.0850346512008466,0.8804412220774228,0.23957138306736378,-0.04896031146270382
165,22.35186322157538,-0.2748837078981702,0.8927843039824541,-0.459796216220953,69.95490196078431,-67.03741455078125,-15.909295,-6.4879217,-0.13806197,-16.076762016352,-7.220204506743615,-0.21482247436715268,0.6279893966321813,1.126779008520481,0.04777272810176867,-20.08831865497411,-5.227936949338979,-4.4374307880952575,-0.5975654473836125,2.8961247287918983,-1.100361191741545,0.8057579507429744,0.17650268713267395,-0.06572262987350855
166,22.788991365927423,-0.29716500902314186,0.8321932242020607,-0.4832019471630602,69.95490196078431,-67.01412963867188,-15.885685,-6.4711356,-0.14045076,-16.046883930057554,-7.223319435058364,-0.19201349691750716,0.6267230930066809,1.1155090033454078,0.04266572186401623,-20.10856768656359,-5.130474799241246,-4.474646385539046,-0.6074709476843839,2.923864502931967,-1.116467923313647,0.8364079762740319,0.16868937075219712,-0.046949245274048076
167,23.25562792553293,-0.3163837124973456,0.6376700549288654,-0.4434748580112693,64.88235294117646,-66.99383544921875,-15.862167,-6.4543953,-0.1426777,-16.017140442306516,-7.216655656924473,-0.20095636781025347,0.6247621636186638,1.107406452806576,0.020566040993112843,-20.1291682556114,-5.032304126860259,-4.512354732825069,-0.6180170714342954,2.945120171429596,-1.1312504185806893,0.8634631724860672,0.29113646436485496,-0.03747777853374566
168,23.711591343450984,-0.23516587479471943,0.7077209762797672,-0.4227692751573322,69.95490196078431,-66.98529815673828,-15.83874,-6.4377007,-0.14474562,-15.986817209697882,-7.215364638716727,-0.17866109168839567,0.6261036407681473,1.0966577118066188,0.018618844957942214,-20.150030120075648,-4.933347097838961,-4.550532823750156,-0.6258559339274528,2.9687108706389216,-1.1453427277526005,0.8693365657417034,0.18683489378551643,-0.03375500337715931
169,24.162465952583332,-0.3186547560002122,0.737021549876828,-0.43411026355464344,69.95490196078431,-66.96920776367188,-15.815407,-6.4210496,-0.14666885,-15.957305129538552,-7.2111405741512336,-0.15715194115334963,0.6239129809396752,1.0899242505893827,0.015806562992770914,-20.171246045379895,-4.833571155984467,-4.589193259412525,-0.6364777591274599,2.9932782556348156,-1.1598130698710887,0.846641528257721,0.26304069420543275,-0.03840000397333353
170,24.651717186211417,-0.285495103368452,0.7924712547707611,-0.4363518070945336,69.95490196078431,-66.95649719238281,-15.792164,-6.404442,-0.14846094,-15.92754842302548,-7.205928831739707,-0.13629118598881268,0.6231372110550942,1.0860871454648824,0.012717098878264919,-20.192779187465664,-4.732914690513561,-4.62833853041611,-0.6459942625730749,3.0196939641271743,-1.1743581301075732,0.861729238985169,0.26028916168753535,-0.03636690886552193
171,25.140448177205172,-0.31599514950706575,0.705732217337266,-0.399761824887527,69.95490196078431,-66.94464874267578,-15.769014,-6.3878765,-0.15013464,-15.899057771011236,-7.208587101255164,-0.11566697999071172,0.6201922722023122,1.0718833549127782,0.011355086300802071,-20.214663435273106,-4.631474078134502,-4.667927981225127,-0.6565274342233104,3.0432183713717498,-1.1876835242704908,0.7925763774344686,0.21480084403026478,-0.00539014272324078
172,25.639858277713167,-0.21323634397905677,0.796127830682912,-0.4431454646427735,69.95490196078431,-66.92385864257812,-15.745955,-6.3713512,-0.15170212,-15.868527418103042,-7.208028674204014,-0.09620503143431458,0.6226999607086565,1.0640934601178382,0.0072489918957170255,-20.236784612351638,-4.5291488792769075,-4.708009815883746,-0.6636353123559456,3.069755965727847,-1.2024550397585834,0.8839804685490884,0.13132432284090145,-0.04083742628200913
173,26.149364126640066,-0.10030973293776714,0.772189898138419,-0.3305627667879847,69.95490196078431,-66.905029296875,-15.72299,-6.3548646,-0.15317471,-15.838441444450613,-7.208258718544731,-0.07722814202547398,0.6284278898622064,1.0549109621797164,0.006816470153983632,-20.25901724468899,-4.425965691643603,-4.748458942505463,-0.6669789701205379,3.0954956289991276,-1.2134737986515163,0.8661006372534352,0.13996123239440242,-0.03179386979574442
174,26.657196458564645,-0.2360553983274919,0.7039616308353744,-0.39460382965714125,69.95490196078431,-66.88536834716797,-15.700117,-6.338414,-0.15456307,-15.807737336586966,-7.2032035763572,-0.05833738314344111,0.6301435796419129,1.0488127323746232,0.004832586402573652,-20.28151216080226,-4.3220003244204825,-4.789346517826799,-0.674847483398121,3.11896101669364,-1.2266272596400876,0.912315954850168,0.1784183845349994,-0.00697260624435388
175,27.19857775214169,-0.053485295849009976,0.6521961850648195,-0.34153248859430896,69.95490196078431,-66.87081146240234,-15.677336,-6.3220005,-0.15587744,-15.776697761716376,-7.198879784951987,-0.04013150270875736,0.6381422800308368,1.040425164091564,0.004103332231324929,-20.304066505022032,-4.217310294769511,-4.830613573691018,-0.676630326593088,3.1407008895291337,-1.2380116759265645,0.9339881307868335,0.12921126698249075,-0.015540308171002666
176,27.708829208534823,-0.22362102220124658,0.6715594445606665,-0.3058337698589728,64.88235294117646,-66.85465240478516,-15.654649,-6.305622,-0.15712744,-15.747156780105602,-7.203801958516066,-0.0534441986309273,0.6388663592079217,1.0238616309214765,-0.014283781254550564,-20.32686931704425,-4.111874087957918,-4.87222044485508,-0.6840843606664628,3.1630862043478225,-1.2482061349218636,0.8347016873449338,0.09118190482305795,-0.02034961851059992
177,28.20169462534079,-0.15471844492259085,0.7883804426553016,-0.3798376749113199,64.88235294117646,-66.82870483398438,-15.632053,-6.289277,-0.15831053,-15.720640504709698,-7.2154750852751635,-0.06625026647300025,0.63889290055464,1.0049717004737044,-0.03370966921589554,-20.34984403844971,-4.005561902876707,-4.914249357880155,-0.6892416421638825,3.1893655524363327,-1.260867390752241,0.7387854024269689,0.13455764960394684,-0.014841264572857626
178,28.689553949371245,-0.12284866195023339,0.7905552111715245,-0.29284268359829113,64.88235294117646,-66.79714965820312,-15.609551,-6.2729607,-0.15942444,-15.692689295307728,-7.218796991545998,-0.07889347360514354,0.6413854043131199,0.9948147295283934,-0.04956747248414414,-20.37295525836845,-3.8983713231164163,-4.956603651664783,-0.6933365975622237,3.215717392808717,-1.2706288135388506,0.7906338296119563,0.167654747358898,-0.0215121385560638
179,29.174886742615058,-0.1865969684959542,0.739900848192545,-0.3538322758634589,64.88235294117646,-66.7740249633789,-15.587142,-6.25667,-0.16046709,-15.662735697892659,-7.21850773344977,-0.091130184891054,0.6436956533081607,0.9867619050604396,-0.0663344840450018,-20.396273808252186,-3.7903586313025786,-4.999351092422593,-0.6995564965120888,3.240380754415135,-1.2824232227342993,0.8744425293707679,0.1017646245792202,-0.008683593849671087
180,29.698053219795103,-0.19398855372600818,0.7761912469507701,-0.398610580320522,69.95490196078431,-66.75277709960938,-15.564825,-6.2404046,-0.16143656,-15.633034293240723,-7.218393089458479,-0.07242409395228025,0.6454656466236554,0.9798889990204769,-0.06548237123512907,-20.419807900973396,-3.6814835047699064,-5.042541433825203,-0.7060227816362891,3.2662537959801603,-1.2957102420783166,0.8635769940310459,0.11271788447515016,0.002837057682319396
181,30.187135495207542,-0.18890913199697093,0.7767805224154503,-0.35566910004300745,69.95490196078431,-66.7314453125,-15.542602,-6.224163,-0.16234262,-15.604749923034783,-7.223569559342586,-0.05389370988337454,0.6459674923634559,0.96792817269555,-0.06299929489441226,-20.44355189273016,-3.5717452887678838,-5.08612696311675,-0.7123197527028547,3.2921464800606755,-1.3075658787464168,0.8011206507723565,0.1040879099649578,0.008913968964217953
182,30.69275050171419,-0.22090110000061908,0.7165039325119189,-0.34898045158453606,69.95490196078431,-66.7049560546875,-15.520471,-6.207943,-0.16319458,-15.575171496094129,-7.225019188310509,-0.03605568316987694,0.6467098422241732,0.9579635077862656,-0.06116383777793664,-20.467541330153587,-3.4612109572852923,-5.130100248465613,-0.7196831227028754,3.3160299444777395,-1.3191985604659013,0.8584553415805986,0.07374974643921833,0.004418250619129673
183,31.22393387177377,-0.07362634766178885,0.785669335980991,-0.26662055498042214,64.88235294117646,-66.68155670166016,-15.498432,-6.1917434,-0.16400115,-15.546538970890051,-7.23288519818321,-0.048840189197022016,0.6513392777002408,0.9441032452934727,-0.07447096086981499,-20.491612574629972,-3.349803659873833,-5.174369778875565,-0.7221373342916017,3.3422189223437724,-1.328085912298582,0.8186292869527086,-0.001714315759344224,0.0022300230192818637
184,31.742033219993715,-0.15663143795784443,0.828420739255463,-0.40685613502520823,69.95490196078431,-66.65199279785156,-15.476487,-6.17556,-0.16475925,-15.518730154254833,-7.235188134460099,-0.03077919053691791,0.6522941535809614,0.9375316011354485,-0.07347295884388567,-20.515857854037424,-3.2374758949743123,-5.219091371657768,-0.7273583822235298,3.369832946985621,-1.341647783466089,0.7953490573011734,0.14567799232620224,0.013592967898619083
185,32.27498781889409,-0.1483862730891294,0.7347893016795497,-0.31277255744570986,69.95490196078431,-66.62869262695312,-15.454636,-6.159393,-0.16547747,-15.490940882735018,-7.2420959965479135,-0.013189304327637059,0.6534883765696865,0.9233827971765697,-0.06979600575642148,-20.54026800708164,-3.12433169751737,-5.2641604895038,-0.7323045913265007,3.394325923708273,-1.3520735353809459,0.7911242440745201,0.057239352120582794,0.010538535985128035
186,32.80216282458562,-0.09066726301862368,0.857454060920712,-0.37045325876264634,69.95490196078431,-66.6004867553711,-15.432876,-6.1432385,-0.16616386,-15.462153704871662,-7.2455261988416995,0.0034526347784585316,0.6575589182087739,0.917090878759654,-0.06945695566508185,-20.56477890152921,-3.0102347733260713,-5.3096412220817895,-0.7353268334271215,3.422907725738963,-1.3644219773397008,0.8355902545173843,0.04174837838394821,-0.012236995865533722
187,33.301254854805904,-0.255361920368798,0.8257899599773314,-0.3057500936923585,69.95490196078431,-66.57494354248047,-15.411209,-6.127095,-0.16682588,-15.434420564966228,-7.250709687906934,0.019975426842713535,0.6550560219715861,0.908084310767216,-0.06676701571331979,-20.589573531443857,-2.8952203047347975,-5.3554616769861045,-0.7438388974394148,3.4504340577382075,-1.3746136471294461,0.7916965602181025,0.07737441791820772,-0.003582331044585184
188,33.82501595951893,-0.15798358196033932,0.8192631766872105,-0.2647402448584799,69.95490196078431,-66.5484848022461,-15.389635,-6.1109614,-0.16747057,-15.407455551108205,-7.2590017244844915,0.03615152640881043,0.6550723367465713,0.895891462508401,-0.06307385013093113,-20.614543698671795,-2.7792955437249827,-5.40157628771804,-0.7491050168380927,3.477742830294448,-1.3834383219580622,0.7682538447730157,0.049529185884634355,-0.006003237292307881
189,34.31964669400275,-0.19810906123204738,0.8156795130908799,-0.19675395826641484,69.95490196078431,-66.519775390625,-15.368154,-6.0948343,-0.16810466,-15.380178018091861,-7.264670265856659,0.05201840884602008,0.6541104764400874,0.8865131716449419,-0.05752765833264992,-20.639733987078877,-2.6624644721450665,-5.447909513959161,-0.7557086522124943,3.5049321473974775,-1.3899967872336094,0.7802467365662249,0.06895110028890243,-0.001707343822521138
190,34.8241048932104,-0.1891226299328741,0.8112549189171493,-0.26408957252652243,69.95490196078431,-66.49343872070312,-15.3467655,-6.078712,-0.16873449,-15.351683066500705,-7.267610579215337,0.06760083095163365,0.6547392226671406,0.8799519610469415,-0.05456274453387104,-20.66513441174144,-2.5447320062107983,-5.494536173058644,-0.7620127398769234,3.531973978028049,-1.3987997729844934,0.8300374349810997,0.030291757458609188,0.006078860979270086
191,35.32461435299854,-0.1385255959242851,0.7657359970535773,-0.2635646550864621,69.95490196078431,-66.46839141845703,-15.325469,-6.062593,-0.16936603,-15.324864026226933,-7.271035238005238,0.08297856649188436,0.6553142297063664,0.8715018899446868,-0.05168160820935555,-20.69068875373281,-2.426148722502026,-5.54145568177489,-0.7666302597410662,3.557498511263168,-1.4075852614873754,0.7710892102503031,0.11398840386229307,0.004498523652044152
192,35.78444852852366,-0.19913128753888826,0.7523919629301168,-0.2717749910168763,69.95490196078431,-66.44409942626953,-15.304265,-6.0464764,-0.17000498,-15.29682866859148,-7.273185386695912,0.09769365983757192,0.6551539978135676,0.864083933684423,-0.05002789700693069,-20.716464352710336,-2.3067294477233315,-5.588677162703377,-0.7732679693256959,3.582578243360839,-1.4166444278546046,0.8148297683788712,0.06298608711235779,-0.008011342815012926
193,36.256053918857035,-0.26169320680804364,0.789834529418817,-0.30361161958273897,69.95490196078431,-66.41970825195312,-15.283154,-6.0303617,-0.17065655,-15.269706291687685,-7.2763411948256875,0.11256079802283343,0.6520322224367563,0.8569877838346213,-0.04877921294799399,-20.742530721917646,-2.1864325790230605,-5.6362359898758445,-0.7819910762192973,3.608906061008133,-1.4267648151740293,0.7798528746806388,0.09426318643293793,0.01243779922442779
194,36.741830663345524,-0.3135430899398076,0.701275917924191,-0.21451443285151583,69.95490196078431,-66.39543914794922,-15.262135,-6.014247,-0.17132585,-15.24155893834047,-7.2801073814918755,0.12656993034080985,0.6484025799657274,0.8464759278732477,-0.045907903513374586,-20.768945472336,-2.065356514858429,-5.684033166418147,-0.7924425125506243,3.632281924938939,-1.4339152962690798,0.8179227786127127,0.004372937742023039,-0.0112732299919776
195,37.22554773767769,-0.32517500073741157,0.7159394720368838,-0.305365120297191,69.95490196078431,-66.3696060180664,-15.241207,-5.9981313,-0.17201744,-15.214584811849473,-7.285163509549807,0.14069133984774437,0.6433235828641649,0.8353413359026571,-0.04553705765609835,-20.79572152831073,-1.9434849623915347,-5.732169637538558,-0.8032816792418713,3.656146574006835,-1.4440941336123194,0.7715155171689625,0.056437114756442024,0.0033602403957991214
196,37.70282287968131,-0.32611496867100215,0.6966795279258424,-0.2589281598433484,69.95490196078431,-66.34415435791016,-15.220373,-5.9820137,-0.17273578,-15.18716356124963,-7.29135652075509,0.15400444923977705,0.638878967007219,0.8226434722872302,-0.044816236713657004,-20.822859934250648,-1.820839321560278,-5.78059380661435,-0.8141521781975714,3.6793692249376964,-1.4527250722737644,0.788313396465877,-0.012690989076792603,-0.02002069715895192
197,38.209457488248496,-0.32079683264446696,0.7716773646883605,-0.2083787591446633,69.95490196078431,-66.31712341308594,-15.19963,-5.965892,-0.17348486,-15.159932271478155,-7.298713547438206,0.16694905318040973,0.6345892560647677,0.8114889501907362,-0.042844548885429025,-20.850354781115726,-1.6973362614349234,-5.8292495076447475,-0.8248454059523869,3.7050918037606415,-1.4596710309119199,0.78198673637222,-0.03735581993210207,-0.025111848336615252
198,38.69118803973593,-0.3270817510334165,0.7643846859857923,-0.2702467612170114,69.95490196078431,-66.28978729248047,-15.17898,-5.9497643,-0.17426838,-15.133598088532015,-7.30471120091047,0.18026136983016242,0.6293253298665656,0.801774634668204,-0.041945389401136034,-20.87821305214862,-1.5729838849918067,-5.878205482854275,-0.8357481309868341,3.7305712932935013,-1.4686792562858202,0.749138908566414,0.053974286720483586,0.00246949056283898
199,39.17430475442271,-0.28825039407984704,0.742547181692035,-0.15357484985785952,69.95490196078431,-66.2645034790039,-15.1584215,-5.933629,-0.17509001,-15.105352209866444,-7.305367212878838,0.19310852470224513,0.6275586163916159,0.7971861028796693,-0.03784058705246621,-20.90639160139716,-1.4478064561245878,-5.927332096785867,-0.8453564774561624,3.755322866016569,-1.4737984179477488,0.8349061064043176,0.02137868731300776,0.00297480844706791
200,39.66354495400064,-0.34420626366995766,0.7340876982356938,-0.23618345649509642,69.95490196078431,-66.24101257324219,-15.137955,-5.9174867,-0.17595318,-15.079170233221726,-7.315541530755518,0.20547286449773164,0.6218646324427224,0.7822870344281135,-0.03720706672008838,-20.934952602049776,-1.3218133742593292,-5.976721136780231,-0.8568300195784943,3.779792455957759,-1.4816711998309187,0.7432330465772555,-0.04443907375277467,-0.018568816010914084
201,40.159112963079096,-0.23265881742226846,0.6557521646630146,-0.1847681110827608,69.95490196078431,-66.2132797241211,-15.11758,-5.901334,-0.17686093,-15.051023107275961,-7.3155438707845555,0.21692121276516352,0.6221378400233153,0.776017578932229,-0.03638052737486458,-20.96377211249953,-1.1950916788777783,-6.0263154746757985,-0.8645853134925698,3.801650861446526,-1.4878301368670106,0.837985725032274,0.01979435254373691,-0.05344963146995919
202,40.658783141493494,-0.39372237162688845,0.6742404159171489,-0.22290572908747563,69.95490196078431,-66.19051361083984,-15.097298,-5.8851714,-0.1778159,-15.023749780860104,-7.320223377199545,0.22893821478875062,0.6162246314053855,0.7654799167917534,-0.03542217049984184,-20.99302909225109,-1.0676208274785417,-6.076157485603685,-0.8777093925467995,3.824125541977098,-1.495260327836593,0.7853745112910185,-0.008911170508989891,-0.009930494233457633
203,41.125035473925536,-0.35360103814493976,0.6501191282419544,-0.18110175195244338,69.95490196078431,-66.16561889648438,-15.077106,-5.8689976,-0.17882083,-14.997451461027106,-7.329035500472791,0.24040228617578266,0.6108176166122639,0.7499807638817935,-0.033901396782248225,-21.02267896204503,-0.9394276214923696,-6.126200720700407,-0.8894960938182974,3.845796179585163,-1.5012970529016745,0.747327758924811,-0.045364494939547965,-0.02716286698202176
204,41.61506446350041,-0.32193938752455703,0.6448121706382874,-0.26565311726493945,69.95490196078431,-66.139404296875,-15.057008,-5.8528113,-0.17987815,-14.97135530000469,-7.336414052702694,0.25170292533651695,0.6064474285177186,0.7362659185725062,-0.035216843488860027,-21.05268654226956,-0.8105179575388216,-6.176539125927424,-0.9002274067357826,3.8672899186064393,-1.5101521568105059,0.7403540307005425,-0.004902039391601864,-0.02519673403430976
205,42.10032729773973,-0.34974499740039955,0.7082400715478147,-0.19511331696927492,69.95490196078431,-66.11457824707031,-15.037001,-5.8366103,-0.18099013,-14.9452940223895,-7.346573426041159,0.26266995533960696,0.6013113879100535,0.7219817000669839,-0.03450411681212112,-21.08308272804675,-0.6808213601724427,-6.227094323728851,-0.9118855733157959,3.8908979209913666,-1.516655934042815,0.7433284162316534,-0.10310825222504348,-0.028048438813184803
206,42.568349518701424,-0.3403887319712151,0.6696372407965354,-0.25664953449713757,69.95490196078431,-66.08866119384766,-15.017085,-5.820392,-0.18215887,-14.917912017447351,-7.349568769691724,0.2734685939536887,0.5981244924109117,0.7145662159915718,-0.03585724027339762,-21.113857123526135,-0.550380721427401,-6.2779346876797195,-0.9232318643815031,3.913219162351251,-1.525210918526053,0.8023261342428273,-0.029641869895908234,-0.024769503725641625
207,43.07103555765601,-0.25909046239169664,0.5589357568112061,-0.23271555433071356,69.95490196078431,-66.06542205810547,-14.99726,-5.8041573,-0.18338627,-14.891002615728912,-7.3537708806789475,0.28397995766571293,0.5972305308561521,0.7023714012511955,-0.03660217157882747,-21.144919397297063,-0.4193190429525691,-6.3290336244687335,-0.9318682131278929,3.9318503542449577,-1.5329681036704101,0.7805275236429118,-0.027418284513979582,-0.028102756461056685
208,43.559722391643554,-0.33080109170666877,0.5700036956286265,-0.2668163330780171,69.95490196078431,-66.0423355102539,-14.977528,-5.7879043,-0.1846741,-14.865525027581466,-7.362035397262047,0.2938592850324344,0.592487205688191,0.6864325661961331,-0.03932659404729698,-21.176349227836557,-0.2876240270381498,-6.3804290238500565,-0.9428949161847818,3.9508504774325783,-1.5418619814396775,0.7194373455399281,-0.019478444344640338,-0.04845295692796081
209,44.00403070957074,-0.41781633820454117,0.6741313977457678,-0.15696388258225724,69.95490196078431,-66.01863861083984,-14.957886,-5.7716317,-0.18602382,-14.838055690779871,-7.363350804679078,0.3037846883496304,0.5872776349254444,0.6819664429266076,-0.03797564447973854,-21.20824329875183,-0.15517997623734636,-6.4319988275453595,-0.9568221274582666,3.973321524024104,-1.547094110859086,0.8133201827166973,-0.016496231483698318,-0.0331926223785291
210,44.488516263100095,-0.43367709008481153,0.6883125885684829,-0.2507499772211599,69.95490196078431,-65.99683380126953,-14.938336,-5.75534,-0.18743685,-14.81157010934226,-7.370859882740678,0.31306373403888826,0.5806894716838688,0.6712151936162822,-0.04070440911719563,-21.240619233100535,-0.021971133671466803,-6.483847242326464,-0.9712780304610936,3.996265276976387,-1.5554524434331247,0.7688939446943835,-0.13480411260866373,-0.059318801628621326
211,44.940487081851764,-0.27487909441338443,0.6353229684159043,-0.2619065643356304,69.95490196078431,-65.97330474853516,-14.918878,-5.739028,-0.18891428,-14.785436054654399,-7.375603761046749,0.32238248066930275,0.5791793361524373,0.662059908434377,-0.04329673833250472,-21.273300588665254,0.11194362330376376,-6.535986664401274,-0.9804406669415398,4.017442709256917,-1.5641826622443125,0.74629607712383,-0.0003516248540886375,-0.045385377489423964
212,45.363648795759225,-0.30344638599894636,0.6520581858094501,-0.2021159930916081,69.95490196078431,-65.95164489746094,-14.899509,-5.7226944,-0.19045725,-14.759202624360105,-7.382637148540371,0.3313015404229603,0.5769278865599444,0.6511444764779923,-0.044305623165352616,-21.306319106881084,0.24658288937433817,-6.588350659801741,-0.990555546474838,4.0391779821172324,-1.5709198620140328,0.7587029065043036,-0.10362571463852055,-0.05386655897125202
213,45.81616855938687,-0.3219996694965504,0.6028066329415271,-0.19308000205255738,69.95490196078431,-65.92929077148438,-14.880233,-5.706339,-0.19206664,-14.73435756744433,-7.394182966293492,0.3400954977004086,0.5726367181273143,0.6338890704481063,-0.04495667602693802,-21.339695402507463,0.38189194059262543,-6.640929188537823,-1.0012888687913897,4.059271536548617,-1.5773558620824513,0.7004029029668842,-0.10684675670597181,-0.049565974121811594
214,46.22944999222213,-0.22874211345121817,0.657148516362956,-0.21300141086915936,64.88235294117646,-65.90713500976562,-14.861048,-5.689958,-0.1937433,-14.708378605300355,-7.399642214638153,0.32091967539017796,0.5728457468488409,0.6257075954522416,-0.061346050476486086,-21.373325856037678,0.5179311568290937,-6.693744385508205,-1.0089136059064303,4.081176487094049,-1.5844559091114232,0.7472093941525862,-0.04395486333932486,-0.03664003194054159
215,46.67654228086352,-0.18559373214235161,0.6002268303232619,-0.17252859041933455,69.95490196078431,-65.8863525390625,-14.841952,-5.673552,-0.19547756,-14.681564814866164,-7.4025844888032015,0.32986724042819676,0.5754228930280872,0.6186775780285126,-0.0605237467376624,-21.40716252482583,0.6546372917659212,-6.746751280912385,-1.0151000636445087,4.101184048104824,-1.590206862125401,0.803910219805543,-0.08625432867518489,-0.049341006233756896
216,47.110159160715014,-0.22323348846929128,0.5669640844217965,-0.20704245532290422,69.95490196078431,-65.86572265625,-14.822948,-5.6571207,-0.19727066,-14.655863326090266,-7.4091593575516,0.33849123640715245,0.5754520953225343,0.6066456717585329,-0.0612325451635814,-21.44124723082339,0.7919733867965507,-6.799988223489145,-1.0225411799268185,4.120082850918884,-1.5971082773028311,0.7405920547706484,-0.07711312532041235,-0.059074662525072194
217,47.54369051593815,-0.2519064907305213,0.6805099640775933,-0.25755403834214086,69.95490196078431,-65.84561157226562,-14.804035,-5.6406627,-0.19912362,-14.629690706955458,-7.4133006981408345,0.3471670425261004,0.5750997616958444,0.6014182010741159,-0.06316606876848317,-21.47561183292176,0.9300656040094886,-6.8535113372196195,-1.030938062951169,4.142766516388137,-1.6056934119142359,0.7623424544403936,-0.04823363554616107,-0.04592143367493553
218,47.96882847927082,-0.2214177031787501,0.6476438656967196,-0.21868288058538532,69.95490196078431,-65.82575225830078,-14.7852125,-5.6241784,-0.2010375,-14.60459668139246,-7.42121248375215,0.3552932410000938,0.5745640899661395,0.5909509465009749,-0.0645317973683053,-21.510222454690332,1.068877425517645,-6.907277431928522,-1.0383186530571273,4.164354645244694,-1.6129828412670821,0.7177057293523821,-0.07939453945836127,-0.06357833172186964
219,48.3882753093957,-0.21231870732817035,0.49397247132868916,-0.17693507758533578,69.95490196078431,-65.8066177368164,-14.76648,-5.6076665,-0.20301306,-14.579905108268306,-7.431072479199476,0.363329261275448,0.5739129103036715,0.5735302657678656,-0.06438947799155349,-21.545068986133714,1.2082381053272777,-6.961240121168075,-1.0453959433013997,4.180820394288983,-1.6188806771865933,0.7089586239867124,-0.13859832822438312,-0.057791582007066244
220,48.81221175059852,-0.21830399751770707,0.6033523447449141,-0.30579290636388734,69.95490196078431,-65.78787994384766,-14.747839,-5.5911255,-0.20505105,-14.554290873031784,-7.43656729106321,0.37112869234228935,0.5741653510983077,0.565203752096669,-0.06862562773523687,-21.580158077574335,1.3482691766310715,-7.015542580303587,-1.0526727432186567,4.200932139113814,-1.6290737740653896,0.7456656130586726,-0.08255994259585057,-0.06052193948788977
221,49.13519798830428,-0.17662250951978248,0.5972389066302138,-0.20554644778279751,69.95490196078431,-65.76935577392578,-14.729287,-5.574554,-0.20715205,-14.528999724192877,-7.442206639526002,0.379004253491977,0.5754276954113362,0.5567305079338909,-0.06896092233693212,-21.615443416247757,1.48896384672001,-7.070073424381081,-1.0585601602026493,4.220840102668154,-1.6359253223248162,0.7308621226625874,-0.060271456599800634,-0.04527352850561281
222,49.43277334407091,-0.18152692444756757,0.6624713907122115,-0.17190356588032962,69.95490196078431,-65.75152587890625,-14.710825,-5.5579524,-0.20931672,-14.504033407413019,-7.449239010767634,0.3863647595809605,0.5761334575206245,0.5490162854079643,-0.06894435628999239,-21.6509304515039,1.630394596131962,-7.1247952724206645,-1.064611057684235,4.242922482358561,-1.641655441187494,0.7217175030853372,-0.09300361161266969,-0.061218448170635424
223,49.70573143460788,-0.07715406370622097,0.6627319593359843,-0.16190169096980256,69.95490196078431,-65.7341537475586,-14.692453,-5.5413194,-0.21154542,-14.479776935240986,-7.457762660877174,0.39366791582068567,0.5794304373471435,0.5397845490766136,-0.06847806329870225,-21.68650321349749,1.7725617143876207,-7.179697011227992,-1.0671828598077757,4.265013547669761,-1.6470521642198208,0.6984660009593769,-0.09553081604736255,-0.05613547603385227
224,50.02529756614448,-0.02983317764673188,0.6949407936307873,-0.29762041718994325,69.95490196078431,-65.71770477294922,-14.674171,-5.5246544,-0.21383855,-14.454106078124443,-7.462469508225057,0.40057278074898806,0.5858037565401525,0.5362604042711997,-0.07295581550907718,-21.722109123466247,1.915500989080647,-7.234929439387752,-1.0681772990626668,4.288178240790787,-1.656972844792819,0.7716139164941077,-0.13681503368788242,-0.06598221807062457
225,50.31760951408045,-0.0838318920048392,0.7419752620046765,-0.24056369535587407,69.95490196078431,-65.70093536376953,-14.655979,-5.5079565,-0.2161963,-14.431608048973567,-7.470663705523369,0.40808068785784396,0.5865098955724795,0.530275175085771,-0.0738859959180646,-21.757808179981673,2.0592646807314563,-7.290429160542352,-1.070971695462828,4.312910749524276,-1.6649916346380147,0.6461964988177602,0.006516032772026076,-0.03666073539545939
226,50.669572913282636,-0.09514039945177144,0.6982699323449055,-0.20945087382175132,69.95490196078431,-65.68629455566406,-14.637876,-5.4912252,-0.21861908,-14.40704808071145,-7.4777955794289115,0.41443061686319277,0.5892334086676828,0.5242125798836121,-0.07576080915770655,-21.793612948052047,2.2038042278626486,-7.346161604890088,-1.0741430421112206,4.336186413935772,-1.671973330432073,0.7213872751374115,-0.13350696088230857,-0.07194839040476461
227,51.02856163340163,-0.038637457839001466,0.7882258974612388,-0.26760155044647504,69.95490196078431,-65.67107391357422,-14.619861,-5.474459,-0.22110689,-14.382721823791467,-7.484408460231095,0.42078626982195116,0.5934464570091581,0.5218231256656743,-0.079152744266044,-21.82946064663113,2.349219581546576,-7.402191384293875,-1.0754309573725207,4.362460610517814,-1.680893382113622,0.7111914575832481,-0.09170603460660008,-0.06344045336546089
228,51.386934647644395,-0.030625241887754673,0.7629010033034914,-0.22925766893196986,69.95490196078431,-65.65626525878906,-14.601935,-5.457659,-0.22365968,-14.356917181843311,-7.486334227028608,0.42716003221649523,0.5995114193108961,0.5240913165023119,-0.08082063268968946,-21.865342373256755,2.4954826030119515,-7.45847589444092,-1.0764517987687792,4.3878906439612635,-1.6885353044113545,0.7798226971606738,-0.06530427160445121,-0.04683660278620476
229,51.775079180686795,-0.05873779777405452,0.8096033530313145,-0.185610396307613,69.95490196078431,-65.64031982421875,-14.584099,-5.440824,-0.22627744,-14.333922183686292,-7.497211031752765,0.4328566242333929,0.6011365535447984,0.5171813427173629,-0.08208988767451997,-21.90128936410213,2.642645183758473,-7.51496663836164,-1.0784097253612477,4.414877422395641,-1.6947223176216082,0.6727153814167963,-0.159974282068499,-0.07732805167233256
230,52.169975616244024,-0.02582321792751563,0.8567294077245169,-0.1567308877147262,69.95490196078431,-65.62769317626953,-14.56635,-5.423953,-0.22895993,-14.309576028933924,-7.504476584832849,0.43900775879040826,0.6053820035046427,0.5162295372070868,-0.08121851878083486,-21.93726504741187,2.7907596860691326,-7.571631527713155,-1.079270499292165,4.443435069319792,-1.6999466805454324,0.7205030010662483,-0.14906788696076542,-0.043772036364292596
231,52.531665041759176,-0.06092572572865462,0.7597248610489113,-0.21751679942117796,69.95490196078431,-65.61410522460938,-14.54869,-5.407046,-0.23170704,-14.284324516593305,-7.5086507682831645,0.44427464411725864,0.6094033447648792,0.5157090851961401,-0.08388244136556913,-21.97330842597242,2.9397183271142913,-7.62853810239736,-1.0813013568164533,4.468759231354755,-1.7071972405261384,0.7607754312416923,-0.13069287409185829,-0.08158557215574802
232,52.856326603724746,0.040793756556698146,0.7940823814343652,-0.2283775607654288,69.95490196078431,-65.59999084472656,-14.531118,-5.3901024,-0.23451836,-14.261329314790409,-7.518192821250666,0.44973210455108237,0.6139248997260767,0.5098681635691595,-0.08614635511716827,-22.009306478136793,3.089559281916599,-7.685698429926859,-1.07994156493123,4.495228644069234,-1.714809825884986,0.6766935757465803,-0.13157044509963398,-0.06634972105632436
233,53.24706576198366,0.011443540100213978,0.7339250394550845,-0.18413646195931577,69.95490196078431,-65.58856201171875,-14.513635,-5.3731213,-0.23739356,-14.236503324507181,-7.521153560372,0.45535420650388925,0.6195021522831068,0.5100392635077601,-0.08627915955061853,-22.04529181525661,3.2402157089849677,-7.743063353525202,-1.0795601135945563,4.519692812051071,-1.7209477079502966,0.738261586592551,-0.045222744429030196,-0.04420210585879675
234,53.64103265503115,0.10921915704103569,0.8006304421917027,-0.14898024106660657,69.95490196078431,-65.57501220703125,-14.49624,-5.356103,-0.2403324,-14.21181974806105,-7.525740423842672,0.4603935626008693,0.6278970280660529,0.5103603447535604,-0.08620916213505289,-22.081155797757496,3.3917617254335495,-7.800593810724731,-1.0759194750265217,4.546380493457461,-1.7259137159858502,0.7390943809898513,-0.10633083217424609,-0.0660934836523803
235,54.03440189649092,-0.010735570587284193,0.7188690319088316,-0.24860581435444296,69.95490196078431,-65.56227111816406,-14.478931,-5.3390474,-0.2433344,-14.187670348901726,-7.532038269946558,0.4656157006711519,0.6314105360018153,0.5058656506696031,-0.08878732891822107,-22.117031708670144,3.544106485250919,-7.858400496606875,-1.0762773273794313,4.570342794521088,-1.7342005764643316,0.717100443073664,-0.12401043626444866,-0.051614197013749794
236,54.43641261466705,0.10393156117150493,0.8169670277674328,-0.1565342359004429,69.95490196078431,-65.55043029785156,-14.461711,-5.3219547,-0.24639921,-14.162253739602649,-7.534482664204861,0.47065562912976333,0.6400652853852739,0.5093113651785137,-0.08837140235119811,-22.15279214007038,3.6973589862102525,-7.916381109417798,-1.0728129420070478,4.597575028780002,-1.7394183843276796,0.7704206730441,-0.08808430812106338,-0.04592874406293476
237,54.816231418454905,0.150782325456976,0.9050060570517099,-0.19040817332561844,69.95490196078431,-65.537353515625,-14.444579,-5.3048253,-0.24952638,-14.13696383759752,-7.537266851411044,0.4752527624488263,0.6497628749637,0.5150213058408438,-0.08975474793323984,-22.188385035553438,3.851617049455199,-7.974573286865749,-1.0677868644918154,4.627741897348392,-1.7457653234385335,0.7658435864303549,-0.0927000386018271,-0.06445655295076688
238,55.254763952200385,0.1773265796469642,0.8348957662413213,-0.15980809493132142,69.95490196078431,-65.52455139160156,-14.427534,-5.2876596,-0.25271532,-14.111542921116131,-7.540467297068643,0.47955189954935906,0.6601060357468733,0.5176490071615467,-0.09046711628273406,-22.223780901503556,4.006802774662636,-8.032943028863624,-1.0618759785035832,4.655571756223103,-1.7510922599362442,0.773785032901834,-0.12873600492092865,-0.07260995155327496
239,55.622949704122895,0.20502703183962367,0.8931985911783372,-0.20139820275649534,69.95490196078431,-65.51229095458984,-14.410578,-5.270458,-0.2559654,-14.088541833058606,-7.549408051159003,0.4833744065346769,0.668011572615678,0.5150620195887265,-0.0932440576400134,-22.25894895964052,4.16298094274916,-8.09153654664234,-1.055041744108929,4.685345042595714,-1.7578055333614606,0.6907334778115113,-0.17128669558839646,-0.09315200863511815
240,55.997525339579006,0.15807373201277997,0.7760521621292329,-0.18571758122652327,69.95490196078431,-65.50322723388672,-14.393708,-5.25322,-0.2592758,-14.066436461834229,-7.559271243861627,0.48728413806240123,0.672977553968681,0.5075627300617122,-0.09497056032594742,-22.293941380297472,4.320021391015827,-8.150336417289084,-1.049772619708503,4.711213448000022,-1.7639961194023448,0.6670605696751157,-0.14373416920574617,-0.08178562196811494
241,56.352227211173044,0.12702941208441604,0.8412753891758975,-0.1924852220186004,69.95490196078431,-65.49559020996094,-14.376926,-5.2359433,-0.2626457,-14.043608393683328,-7.566681716987772,0.49141829364138817,0.6776075803650025,0.5054051968275536,-0.09614809037504825,-22.328792657163216,4.4779965897149125,-8.209350160404739,-1.045538305972356,4.739255960972552,-1.7704122934696316,0.6855907494667207,-0.10385525908388293,-0.06309384633355393
242,56.7118843233793,0.15460747082068127,0.8303613145761425,-0.14252324636913904,69.95490196078431,-65.48706817626953,-14.360231,-5.2186284,-0.2660745,-14.019313889716416,-7.569646436234895,0.49506191624897333,0.6847412208525497,0.508331073058073,-0.0964077047210828,-22.363472147950272,4.63689441209686,-8.268522262683026,-1.0403847236116666,4.766934671458424,-1.7751630683486028,0.7294946169753125,-0.05113401615563726,-0.07560813639089924
243,57.05075862472961,0.07948608677643659,0.8621239504188954,-0.20087397742834767,69.95490196078431,-65.47628784179688,-14.343623,-5.201275,-0.2695614,-13.997463493394928,-7.578610818832397,0.49882868350855036,0.6861442042232457,0.5047713910893122,-0.0981104638549545,-22.39806332086313,4.796750149979273,-8.327917558269567,-1.0377351873857854,4.795672136472387,-1.7818588675962144,0.6623687283477533,-0.11123140072240743,-0.06867795854546027
244,57.41075263808709,0.22582737852505008,0.8691021192058759,-0.17086965615895977,69.95490196078431,-65.46954345703125,-14.327101,-5.183882,-0.27310568,-13.97274319896691,-7.582614143943989,0.5019242825163858,0.6957866963275511,0.5075874841925085,-0.09986405547809449,-22.432403574466516,4.957571556883026,-8.387502709029617,-1.0302076081016172,4.824642207112583,-1.787554522801513,0.7480409408512223,-0.13861236124437284,-0.0874966984769755
245,57.72725092621316,0.1566718232498121,0.9177007720712108,-0.18300626802923858,69.95490196078431,-65.45977783203125,-14.310665,-5.166451,-0.27670634,-13.948583170579921,-7.587179455198864,0.5055469936101474,0.7020917339079976,0.5111209411601031,-0.10067411453920312,-22.46656974826629,5.119412631311302,-8.447291200087477,-1.02498521399329,4.85523223284829,-1.793654731735821,0.7267304209285939,-0.10462962391156871,-0.05435882899461021
246,58.023655951248145,0.15984377441021058,0.8726657177133481,-0.14390801778603546,69.95490196078431,-65.45071411132812,-14.294316,-5.1489806,-0.2803627,-13.924633302045216,-7.592052518040447,0.5085760399710161,0.7079845597059518,0.5125976715199498,-0.10116830969227161,-22.50055831787228,5.282223334314816,-8.507239588942879,-1.0196570881796163,4.884321090105401,-1.7984516656620222,0.720731036743126,-0.11066663030575033,-0.0779933888532749
247,58.32512233678664,0.19313641829979056,0.8611211397716306,-0.15392085347616025,69.95490196078431,-65.44208526611328,-14.278053,-5.131472,-0.28407383,-13.90021956718514,-7.596764083678934,0.5115904515688886,0.7152959828517919,0.5137757506592734,-0.10180947446530293,-22.534332291457932,5.445990838584742,-8.567359000968809,-1.0132192075696234,4.913025128097789,-1.8035823607778942,0.7360692145524347,-0.14080384629483755,-0.07085200046443965
248,58.64626505227481,0.13986654745521848,0.9592155655977782,-0.1450573770776753,69.95490196078431,-65.43356323242188,-14.261876,-5.113925,-0.28783885,-13.87809956354159,-7.605629035749501,0.5145359192836669,0.7177284460574835,0.5129096947142727,-0.10208735802305692,-22.567950857768636,5.610824137927555,-8.627639587858159,-1.0085569893211161,4.944998980284381,-1.8084176066804833,0.672896395883528,-0.1473782655293403,-0.07312992734814443
249,58.98389589661432,0.1662414443744632,0.8637959514842561,-0.1346595553607095,69.95490196078431,-65.4280776977539,-14.245786,-5.0963383,-0.29165685,-13.852785986776098,-7.608542282089105,0.5169675629719904,0.724879066944944,0.5162787857615015,-0.10284610712162341,-22.60138471136337,5.776617210549794,-8.688069796475688,-1.0030156078419674,4.973792178667189,-1.8129062585258404,0.7665485068736515,-0.14204980592544755,-0.08659013335781539
250,59.308074651934746,0.3146237706410957,0.9282281121408489,-0.21965409704718475,69.95490196078431,-65.41887664794922,-14.229781,-5.0787125,-0.29552683,-13.828912084709312,-7.614225641076546,0.5194676659001165,0.7347903318996949,0.5181214901245168,-0.10600991171151732,-22.63446898299072,5.943441647741079,-8.748744065201047,-0.9925281488205976,5.004733115738551,-1.8202280617607465,0.7215184794031159,-0.15211701941516795,-0.07974497806041943
251,59.631666904325726,0.12556211645646304,0.9388923925316855,-0.1801340128066915,64.88235294117646,-65.41178131103516,-14.213862,-5.061048,-0.2994478,-13.806817876553662,-7.6216944744013055,0.4949263835009689,0.7359018398037586,0.5179622453115343,-0.1231396538220232,-22.667413741155347,6.111309298701844,-8.809618482829523,-0.9883427449387154,5.03602952882294,-1.8262325288543029,0.674435911177998,-0.1110282075691657,-0.10246694289843776
252,59.907356628354805,0.14667750538037544,0.9485115030356621,-0.21818231613828054,64.88235294117646,-65.40663146972656,-14.1980295,-5.043344,-0.3034087,-13.784464553463877,-7.629555936962888,0.4706018872841806,0.7379737922299464,0.5175743223937086,-0.14081767154089136,-22.700195524313994,6.280230851332648,-8.870735325253708,-0.9834534947593696,5.067646578924129,-1.833505272725579,0.6791048133380436,-0.15118711007482605,-0.11192222314863051
253,60.20392496110835,0.14860533617677046,0.97940377644128,-0.18639749381114434,69.95490196078431,-65.40190887451172,-14.182282,-5.0256,-0.30739903,-13.76001817189484,-7.633733644673679,0.47371622492499127,0.7426331730875683,0.5227531346430405,-0.1406925955601706,-22.732812190432444,6.450240630381721,-8.93205927600435,-0.9784999835534772,5.100293371472172,-1.8397185225192838,0.73564111600124,-0.13021480091356422,-0.07218028039540628
254,60.50993428200386,0.2509794723346071,0.8481100418825679,-0.157987082923432,69.95490196078431,-65.39472961425781,-14.16662,-5.007816,-0.3114188,-13.737832805976048,-7.643671294944953,0.47643480609879546,0.7476075113613831,0.5161692849892753,-0.1402595147682947,-22.765149990470523,6.621192753921774,-8.993558767958241,-0.9701340011423236,5.128563706201591,-1.8449847586167316,0.6725258983091009,-0.2554058800763817,-0.09038300406908284
255,60.820502064639996,0.16885060505112748,0.9056039906628504,-0.1591743011539144,69.95490196078431,-65.39141845703125,-14.151043,-4.9899907,-0.315468,-13.714968253030852,-7.6494799153514546,0.47891065180940545,0.7505395627165842,0.5168562685225262,-0.14017105850927522,-22.79730017872521,6.7931511041181185,-9.055235120246747,-0.9645056476406194,5.158750505890353,-1.8502905686551954,0.6934969110089183,-0.10723837924582424,-0.097710051450275
256,61.143905509537795,0.15086799864658984,0.8926499170931399,-0.18631023842489292,69.95490196078431,-65.38610076904297,-14.135551,-4.972124,-0.31954652,-13.691986831496976,-7.655488801985209,0.4812812490039722,0.7529040201923851,0.5167878653814392,-0.14098869265901767,-22.82928273587029,6.966101287555678,-9.117118483911282,-0.9594767143523998,5.188505503126791,-1.8565009099360252,0.695653677446572,-0.12401355811094515,-0.09608714432434463
257,61.48328692577644,0.18454635182605977,0.9098838811279842,-0.24497601761364685,64.88235294117646,-65.38117218017578,-14.120144,-4.9542165,-0.3236541,-13.66597762726391,-7.655995015517782,0.4571744098517043,0.7600750667077851,0.5241587614593973,-0.1581446068168674,-22.861060241513343,7.14006245308338,-9.179274043150942,-0.9533251692915311,5.218834965831057,-1.8646667771898136,0.787490036077738,-0.09321004958125315,-0.08275784578861761
258,61.78831936652659,0.26223620036412704,0.9755592361605899,-0.27596216215527036,69.95490196078431,-65.37205505371094,-14.104822,-4.9362693,-0.3277807,-13.64145543831498,-7.660501259718671,0.4598859040471396,0.7676069398063383,0.5282885123879691,-0.16065276262785616,-22.892546373600435,7.315107573317927,-9.241736227015219,-0.9445839626127269,5.25135360703641,-1.8738655159283226,0.7382417263996479,-0.1610546390556548,-0.08312480574895316
259,62.07997846502766,0.19524124508764368,0.9243918892290972,-0.1883834028137592,69.95490196078431,-65.36616516113281,-14.089584,-4.918282,-0.33192664,-13.617726886519682,-7.666756705116885,0.46195145939496646,0.7716326022658017,0.5283325382438401,-0.16128132323397343,-22.923815570970763,7.491179795651617,-9.304407725771512,-0.9380759211098054,5.282166670010714,-1.8801449626887812,0.7135571415764531,-0.19151160092167288,-0.11168351506174616
260,62.37665987608111,0.21434865231138528,0.8984638147424954,-0.13979814354865638,69.95490196078431,-65.36164093017578,-14.074433,-4.9002547,-0.336092,-13.595231359250954,-7.673871951246635,0.46414641987328675,0.7745514968829278,0.5264081479263985,-0.15986708881421804,-22.954846603171855,7.668250311112799,-9.367234555798413,-0.9309309660327593,5.312115463835464,-1.8848049008070697,0.6858197417486481,-0.14281170765235202,-0.10418874858706706
261,62.689151266810775,0.3245422860337556,0.93901987668494,-0.1357299428950256,64.88235294117646,-65.35820007324219,-14.059366,-4.882187,-0.34027687,-13.571125642923322,-7.679328531281469,0.4400204310851599,0.782974876772708,0.5279482994800458,-0.17269263445060473,-22.98551703283291,7.84636418199252,-9.430212196872978,-0.9201128898316341,5.343416126391628,-1.889329232236904,0.7259057338101345,-0.1812885457080624,-0.08894273565681386
262,62.99640021360137,0.3897966340120354,0.9112249315798402,-0.14745841679133065,64.88235294117646,-65.35358428955078,-14.044384,-4.864079,-0.34447154,-13.551193295735876,-7.688848096875641,0.41729240046117955,0.7878842859844706,0.5233397060734026,-0.18308202749731753,-23.01575435512284,8.02549052501844,-9.493353680632865,-0.9071196686978996,5.373790290777623,-1.894244512796615,0.642522344026152,-0.10571520723721071,-0.07014811587475758
263,63.29641049307125,0.40154441750750147,0.9791406664370309,-0.2482444039680658,69.95490196078431,-65.35261535644531,-14.029486,-4.8459296,-0.3486672,-13.526458988569464,-7.6927458430113616,0.420292864739353,0.7990476651237283,0.528220462593971,-0.18347301699970384,-23.045545516948874,8.20570480211818,-9.556770991508271,-0.8937348547809829,5.40642831299219,-1.902519326262217,0.7439615213977993,-0.16009176823811444,-0.08253660317321795
264,63.5622432938436,0.4259692019824855,0.9650102271281034,-0.17441744208656296,64.88235294117646,-65.3472671508789,-14.014672,-4.827739,-0.35286492,-13.50428872180687,-7.700171655659568,0.39716495923712675,0.8072768930873738,0.5279194462998609,-0.19540002449100938,-23.074863379661593,8.386991312803618,-9.620382099541553,-0.8795358813815667,5.4385953205631274,-1.908333240998436,0.6824520665196421,-0.15097306118748408,-0.08531768592111713
265,63.87948024488344,0.44154746217642793,1.0074399099423144,-0.19958567838359897,64.88235294117646,-65.3447494506836,-13.999943,-4.809507,-0.35705602,-13.48330951220044,-7.70761427543544,0.3750435893977088,0.8141433803551841,0.5289515326789194,-0.2061138554690831,-23.103690634083005,8.569397201166769,-9.684214969439704,-0.8648176326423525,5.4721766508945375,-1.9149860969445558,0.6633098645716746,-0.09632432666917583,-0.06892603561484717
266,64.19397162447835,0.35761133723332955,1.0278114720001756,-0.1506433759013479,64.88235294117646,-65.34284210205078,-13.985297,-4.7912326,-0.36123246,-13.460343347294199,-7.713602890373558,0.3524805335928073,0.8204979833411796,0.5324054103749628,-0.21617375082267307,-23.132120542574157,8.752945102276588,-9.748215220866635,-0.8528972547345748,5.506437033294543,-1.920007542807934,0.6980303662943987,-0.1454515410208894,-0.09122193280999465
267,64.55085688962275,0.4317828970907855,0.9774824980833602,-0.09406650828722007,69.95490196078431,-65.3397445678711,-13.970736,-4.7729163,-0.36538637,-13.43924115976946,-7.72005625072741,0.35647717625086256,0.8266165867602875,0.5334312126289139,-0.20942251205821097,-23.160070692290763,8.937579095050943,-9.812319990636107,-0.8385044914982153,5.539019783230655,-1.9231430930841746,0.6645727379306309,-0.08459035967278764,-0.10358396017082977
268,64.89101352182298,0.4761249605285358,0.893966807476464,-0.1903075111789505,64.88235294117646,-65.33712005615234,-13.956257,-4.7545576,-0.36952013,-13.417086009301304,-7.726976657893755,0.3343575122920363,0.8352524153701238,0.531038639971959,-0.22017797879121626,-23.18749181427345,9.123206384278049,-9.876636213195779,-0.8226336594805974,5.568818676813204,-1.9294866767901397,0.6814580322124788,-0.153254982878281,-0.0909534759414597
269,65.252838194407,0.41098510524718507,0.9823402092684571,-0.10913376046583068,64.88235294117646,-65.33499908447266,-13.941862,-4.7361565,-0.37362617,-13.392542814455181,-7.731202870304763,0.3128148145118119,0.8444385657200117,0.5350242500255928,-0.2271904938667504,-23.214456286139196,9.309925162626564,-9.941073695489301,-0.808934155972358,5.601563350455486,-1.9331244688056675,0.7339397757058269,-0.16907348329853536,-0.058792840353318464
270,65.56979858259622,0.6195717650211355,0.9555619999088074,-0.16912224962848477,64.88235294117646,-65.33050537109375,-13.927549,-4.7177124,-0.37769756,-13.368745142712783,-7.734697594569998,0.2913311831104581,0.8590747421007805,0.5388619936168167,-0.23629513707077623,-23.240732344932695,9.497705676530535,-10.005699091393522,-0.7882817638049868,5.633415417119113,-1.9387618771266169,0.7207507547033966,-0.1052393832391734,-0.08673242441359509
271,65.92547981313795,0.5623313289021585,0.9159662094589985,-0.11265148212381604,64.88235294117646,-65.3261489868164,-13.913321,-4.6992273,-0.3817275,-13.349716632038424,-7.745680620652204,0.27102224735498665,0.8650897717188395,0.5315977983339825,-0.24134808483911227,-23.266383591138524,9.686503930667238,-10.070449655611213,-0.7695373861749149,5.6639476241010795,-1.942516926530744,0.6304927665863816,-0.1649754093225277,-0.08323850451565659
272,66.26709467214494,0.4704361834299648,0.7913912873742003,-0.1573567504561293,64.88235294117646,-65.32747650146484,-13.899175,-4.680699,-0.38570994,-13.324691809376853,-7.749824800229588,0.2501489972692076,0.8755360012987755,0.529309740646041,-0.24929689189329837,-23.291512130473876,9.876181508456579,-10.135375060662746,-0.7538561800605827,5.690327333680219,-1.9477621515459485,0.7408331081980037,-0.20834995357472788,-0.07728191360711392
273,66.59291645516953,0.583465237165889,0.8740502574256452,-0.18311952439436574,64.88235294117646,-65.32304382324219,-13.885112,-4.6621275,-0.3896389,-13.302881614512776,-7.756513184581874,0.23041851188346024,0.8850768959597839,0.5265044800134718,-0.2559621371324635,-23.315992375101267,10.066830253198615,-10.200503931852493,-0.7344073388217198,5.719462342261075,-1.9538661356924274,0.679267034028107,-0.13696522536102057,-0.0735922948094333
274,66.91150243411971,0.6321781632436629,0.8744882562091842,-0.2827995408253763,69.56470588235294,-65.32138061523438,-13.871131,-4.6435137,-0.39350897,-13.27803612277651,-7.760351692626104,0.23450711489483,0.8996950633428508,0.527463280639371,-0.25335513217887395,-23.339770199547274,10.258450651558661,-10.265947024754269,-0.7133347333802644,5.748611950801381,-1.9632927870532733,0.7388013377579664,-0.17526623222688437,-0.06982782965676063
275,67.21549197141655,0.5871027837651166,0.8670777667027101,-0.23552005896061523,69.56470588235294,-65.31707763671875,-13.857233,-4.624857,-0.39732388,-13.253116745469436,-7.763629606331506,0.23887655389760085,0.9123026222347531,0.5288315339337886,-0.2485837549028883,-23.362895687566876,10.451034469659488,-10.331651806610445,-0.6937646405880938,5.777514543024805,-1.9711434556852938,0.7417740557603287,-0.14554814071360145,-0.050571225437811625
276,67.50266165004666,0.6876507266062107,0.8500785516367064,-0.24494547035996206,69.56470588235294,-65.31258392333984,-13.843418,-4.6061587,-0.4010873,-13.229500615879946,-7.769485631455934,0.2432667507123864,0.9259579897342975,0.5262331827632325,-0.24413882278423565,-23.385257119223585,10.644562819484356,-10.397628750100354,-0.6708429497012202,5.8058504947460285,-1.9793083046972926,0.7111881504603634,-0.19074538386043396,-0.055039288616707
277,67.80615136991237,0.5263491544758134,0.8877536887464141,-0.23845294707041909,69.56470588235294,-65.30999755859375,-13.829686,-4.5874186,-0.4048028,-13.207738456103666,-7.777184295402382,0.24752018882701401,0.9313612127733705,0.5225704932715812,-0.2397913478305566,-23.40703371848643,10.83907756229672,-10.463870641309232,-0.6532979778853597,5.835442284370909,-1.9872567362663065,0.6767311382841201,-0.17482414486588174,-0.07370696192013024
278,68.09321340739004,0.6081861070196339,0.8051784894224443,-0.362992635581719,69.56470588235294,-65.30900573730469,-13.816037,-4.5686355,-0.4084737,-13.186400663872174,-7.782971691733414,0.2527180848682297,0.9386413457055055,0.5188161875510497,-0.23757004026735468,-23.428134555408143,11.03448694787511,-10.530515857668755,-0.6330251076513719,5.862281567351657,-1.999356490785697,0.6785384148645758,-0.09363997940385428,-0.032245046061863444
279,68.40277758156896,0.6188016057489281,0.7428089231873136,-0.2906025825230092,69.56470588235294,-65.30693054199219,-13.80247,-4.5498104,-0.41210365,-13.164161762188085,-7.7899790270969875,0.25722357550577174,0.9471069358179581,0.5115791242829657,-0.23426197316292746,-23.448547834990134,11.230721676701483,-10.597483965786637,-0.612398387459741,5.887041864791234,-2.009043243536464,0.6855761530330503,-0.17653906361911378,-0.04178273674424811
280,68.71540521014825,0.6509760349770861,0.7193836655474255,-0.26029486725481554,64.88235294117646,-65.3057632446289,-13.788986,-4.5309424,-0.41569585,-13.140366469755133,-7.793623446148224,0.2372355034034549,0.95826073154398,0.5082162476887896,-0.2440785726862007,-23.468237807866593,11.427755720711799,-10.664741290423692,-0.5906991862938381,5.911021320309482,-2.0177197391116244,0.7183421832204985,-0.1138492258095138,-0.050038140827299
281,69.01019287381543,0.596186269964831,0.7619507434153368,-0.25988907734455147,69.56470588235294,-65.30192565917969,-13.775584,-4.512032,-0.4192442,-13.113503991220014,-7.796149549208367,0.24057249332251482,0.9711144404272986,0.5078121549047344,-0.2421010975084926,-23.487265351554203,11.625636376659243,-10.732287380702239,-0.5708263106283438,5.936419678423326,-2.0263827083564427,0.7758717095237214,-0.20989995162393799,-0.06953033054068103
282,69.31555772965369,0.6014915851328857,0.7344857965014009,-0.16485864816253937,69.56470588235294,-65.296630859375,-13.762265,-4.49308,-0.4227516,-13.09370082584727,-7.805064659407805,0.24531163555279134,0.9744188054840571,0.49822377103580506,-0.23416703308439035,-23.505624571258334,11.824333127936132,-10.800016647256523,-0.5507765911239142,5.960902538306707,-2.0318779966285274,0.6524118501220447,-0.15695360967374747,-0.05539907431240641
283,69.61806017932095,0.7512436793443145,0.7816963104698944,-0.1743829856720982,69.56470588235294,-65.29719543457031,-13.749029,-4.4740863,-0.42622134,-13.071825716054681,-7.8132198930664405,0.2499118242081998,0.9851418790549373,0.49155021112893527,-0.2270520554461388,-23.523149075763193,12.0238984306691,-10.867939672683777,-0.5257351351457704,5.986959081989037,-2.0376907628175975,0.6766573456024875,-0.21360840584183816,-0.03527984321880792
284,69.93157083287302,0.6777405238277383,0.6912630799934123,-0.23449211208845888,69.56470588235294,-65.29664611816406,-13.735875,-4.455049,-0.42965654,-13.050973902123921,-7.822707110598872,0.2543076987122846,0.9916612948088859,0.48045847021801336,-0.22247903517401207,-23.539920535241578,12.224231803490948,-10.93612324490224,-0.5031437843515125,6.010001184655484,-2.0455071665538793,0.6571597203012659,-0.2299615502705063,-0.04689309740609324
285,70.21479551201624,0.6406434453275837,0.7442672403482599,-0.16590787481027824,69.56470588235294,-65.29670715332031,-13.722802,-4.4359684,-0.4330601,-13.0338918485746,-7.833562943982269,0.2594640564032678,0.9917685807410724,0.4697648374894486,-0.21418709167652952,-23.5559801686696,12.425392139913184,-11.004491159203825,-0.48178900284059306,6.034810092667092,-2.0510374290475553,0.6196467658555939,-0.1520152609849551,-0.03681735366014384
286,70.51645702256381,0.5897572341321152,0.6830499534623257,-0.25610764116634677,69.56470588235294,-65.29876708984375,-13.709811,-4.416842,-0.43643516,-13.014353612930963,-7.842981887463495,0.26395390778412897,0.9933836192831198,0.4593639932164693,-0.2103730668867923,-23.571384516281917,12.627311420728155,-11.073143637551151,-0.46213042836952256,6.0575784244491695,-2.059574350419767,0.6423984015006371,-0.18584715204600127,-0.041200348139037994
287,70.78692482977047,0.5909784695612554,0.6099787379674486,-0.1847637197792693,64.88235294117646,-65.29940795898438,-13.6969,-4.39767,-0.43978444,-12.99767109416559,-7.85222811904471,0.24500741367055848,0.991214461303756,0.4472079748058039,-0.21636119551288382,-23.586132221150276,12.829908455696424,-11.142001408920454,-0.4424311460508141,6.077911049048084,-2.065733141079076,0.6162053146065556,-0.10992084308463741,-0.041778956491902636
288,71.05226007405315,0.5827473517703682,0.6108098345742493,-0.2079318733745268,69.56470588235294,-65.30052185058594,-13.68407,-4.378451,-0.4431018,-12.973288329347335,-7.857110441280754,0.24913367012387874,0.9988964463180434,0.44125092803813304,-0.211883104713947,-23.600232428961114,13.033184168258664,-11.211090215704617,-0.4230062343251351,6.098271376867226,-2.0726642035248934,0.7146748528493454,-0.19572538330342878,-0.027972438436231373
289,71.33231118426175,0.584185429241869,0.6386125355609892,-0.242254456374976,69.56470588235294,-65.29724884033203,-13.671319,-4.359185,-0.44638997,-12.94948554386598,-7.860499462264256,0.25325518246846396,1.0055109834694185,0.43837257813888275,-0.20857216325812664,-23.613683541850573,13.237169450304862,-11.280448194106976,-0.4035333866837395,6.1195584613859255,-2.080739352070726,0.7120239189504158,-0.11319618477556545,-0.03388682482741183
290,71.55185684559463,0.6242432309516299,0.6646195482114826,-0.27523981743436465,69.56470588235294,-65.29341888427734,-13.658649,-4.3398743,-0.44965157,-12.930226445615565,-7.8681969474173465,0.2576855265679767,1.0071640469477283,0.43078142615301496,-0.20567923126960835,-23.626441051150085,13.44189319851574,-11.350111994528705,-0.38272527898535186,6.141712446326308,-2.0899140126518714,0.6435180428353177,-0.13391057146031982,-0.04465540170888734
291,71.77887395373533,0.5440697803124519,0.5272377687973553,-0.23132394332953155,69.56470588235294,-65.29292297363281,-13.646059,-4.320517,-0.45288923,-12.907959064562743,-7.87481681916205,0.26145032246911953,1.0100507289396141,0.42040923551970444,-0.20263658525201672,-23.63859403847147,13.647202766469725,-11.420032821554134,-0.36458961964160347,6.159287038619554,-2.0976248107628557,0.6770529055521733,-0.18987548525125977,-0.04577988583651571
292,72.0367982712676,0.6490074782461409,0.5790096439003483,-0.1566892149255139,69.56470588235294,-65.29084014892578,-13.633548,-4.3011136,-0.4561053,-12.883259075776387,-7.878747091150648,0.2652888544366803,1.0194088247547854,0.4156747550732519,-0.19700366276318376,-23.650025906372584,13.853155678472488,-11.490127747707257,-0.3429560370333988,6.178587360082899,-2.102847784593706,0.7227628584577086,-0.16514351775785363,-0.01849698006847096
293,72.2863868442778,0.622665820789229,0.5113856084975984,-0.17858088392974736,69.56470588235294,-65.28719329833984,-13.621118,-4.281665,-0.45930192,-12.860360009836336,-7.884175228429091,0.268936570189511,1.0251083135188157,0.4069387079903137,-0.19261367876113883,-23.66076592336171,14.059676796706915,-11.560421097064747,-0.3222005096737578,6.195633547032819,-2.108800480724698,0.6914098299345366,-0.16449263801380246,-0.039618640320815746
294,72.57240368005208,0.5950637396383087,0.5320908864211834,-0.31160717264423,69.56470588235294,-65.28436279296875,-13.6087675,-4.262171,-0.46248123,-12.837656507895389,-7.888783416906732,0.2721520559822948,1.0293812839386283,0.40031246959212,-0.19345943870461424,-23.670844758417903,14.266789127037367,-11.631060676614064,-0.3023650516858142,6.213369909913525,-2.1191873864795054,0.6908641605322438,-0.1296257981510448,-0.06042988440151431
295,72.87521673139851,0.6465838736801153,0.5092838233279418,-0.18954440444208132,69.56470588235294,-65.28108215332031,-13.5964985,-4.242632,-0.46564507,-12.8149163603741,-7.895987096445388,0.275751933263208,1.035176335968041,0.3897788985731433,-0.18933270709255862,-23.680205166947786,14.474467328282627,-11.701910861057206,-0.280812255896477,6.23034603735779,-2.1255055332942416,0.679871019971983,-0.2305092755686839,-0.02748812172768573
296,73.21360077997657,0.5946104071878116,0.4047503678639982,-0.16897751656123994,69.56470588235294,-65.2795181274414,-13.584309,-4.223048,-0.46879536,-12.796894305561283,-7.906583231572586,0.27945382456306445,1.0327684407035556,0.37178907701509695,-0.18438352182131823,-23.68890489724746,14.682595252158846,-11.772948798296527,-0.2609919089902166,6.243837716286589,-2.131138117179616,0.6162364474817268,-0.21813845961476155,-0.0454667224439571
297,73.52415327940375,0.5331226833129687,0.36653301155789436,-0.2406256236616784,69.56470588235294,-65.28038024902344,-13.572199,-4.203418,-0.471934,-12.774150984642512,-7.912672104819577,0.2829286655394888,1.034683576091823,0.35927332795208805,-0.18228367462233808,-23.69701226901012,14.891130434936796,-11.844254097339917,-0.24322115287978432,6.256055483338519,-2.139158971301672,0.6839549718990813,-0.18783559548756737,-0.026703850178008734
298,73.86854704074715,0.6532367642866619,0.3685073301239352,-0.11949406363722481,69.56470588235294,-65.27764892578125,-13.560168,-4.1837416,-0.47506267,-12.755699609268408,-7.921717915930953,0.2867003319095094,1.0347232151968273,0.34342736274916785,-0.17560195050195207,-23.704393822145793,15.100075070303774,-11.915692167565124,-0.22144659407022893,6.268339061009317,-2.143142106756246,0.626702437785461,-0.18463706571787208,-0.03091423707816441
299,74.1882692400957,0.5427420358072268,0.3533569146432172,-0.135623754236315,64.88235294117646,-65.27759552001953,-13.548218,-4.164018,-0.47818315,-12.73291135231315,-7.928819393716642,0.2663528946478979,1.0368843122137177,0.3303293537312559,-0.18345831394424136,-23.711172328575014,15.3094123244648,-11.987280930850595,-0.2033551928766547,6.2801176248307575,-2.1476628985641235,0.676595053992211,-0.2322940510686283,-0.026825664417168084
